file,line,type,commit,author,date,time,timezone,datetime,depth,length
style.css,1,css,0592ee66,Eri-gon2,2025-04-12,13:44:46,-07:00,2025-04-12T13:44:46-07:00,0,4
style.css,2,css,0592ee66,Eri-gon2,2025-04-12,13:44:46,-07:00,2025-04-12T13:44:46-07:00,0,40
style.css,3,css,0592ee66,Eri-gon2,2025-04-12,13:44:46,-07:00,2025-04-12T13:44:46-07:00,0,33
style.css,4,css,167e36f6,Eri-gon2,2025-04-18,19:18:31,-07:00,2025-04-18T19:18:31-07:00,0,24
style.css,5,css,167e36f6,Eri-gon2,2025-04-18,19:18:31,-07:00,2025-04-18T19:18:31-07:00,0,24
style.css,6,css,167e36f6,Eri-gon2,2025-04-18,19:18:31,-07:00,2025-04-18T19:18:31-07:00,0,17
style.css,7,css,0592ee66,Eri-gon2,2025-04-12,13:44:46,-07:00,2025-04-12T13:44:46-07:00,0,0
style.css,8,css,7432f1e1,Eri-gon2,2025-04-05,14:46:03,-07:00,2025-04-05T14:46:03-07:00,0,5
style.css,9,css,7432f1e1,Eri-gon2,2025-04-05,14:46:03,-07:00,2025-04-05T14:46:03-07:00,0,44
style.css,10,css,7432f1e1,Eri-gon2,2025-04-05,14:46:03,-07:00,2025-04-05T14:46:03-07:00,0,43
style.css,11,css,7432f1e1,Eri-gon2,2025-04-05,14:46:03,-07:00,2025-04-05T14:46:03-07:00,0,1
style.css,12,css,7432f1e1,Eri-gon2,2025-04-05,14:46:03,-07:00,2025-04-05T14:46:03-07:00,0,24
style.css,13,css,0592ee66,Eri-gon2,2025-04-12,13:44:46,-07:00,2025-04-12T13:44:46-07:00,0,16
style.css,14,css,0592ee66,Eri-gon2,2025-04-12,13:44:46,-07:00,2025-04-12T13:44:46-07:00,0,43
style.css,15,css,0592ee66,Eri-gon2,2025-04-12,13:44:46,-07:00,2025-04-12T13:44:46-07:00,0,0
style.css,16,css,0592ee66,Eri-gon2,2025-04-12,13:44:46,-07:00,2025-04-12T13:44:46-07:00,0,4
style.css,17,css,0592ee66,Eri-gon2,2025-04-12,13:44:46,-07:00,2025-04-12T13:44:46-07:00,0,13
style.css,18,css,0592ee66,Eri-gon2,2025-04-12,13:44:46,-07:00,2025-04-12T13:44:46-07:00,0,20
style.css,19,css,0592ee66,Eri-gon2,2025-04-12,13:44:46,-07:00,2025-04-12T13:44:46-07:00,0,24
style.css,20,css,0592ee66,Eri-gon2,2025-04-12,13:44:46,-07:00,2025-04-12T13:44:46-07:00,0,25
style.css,21,css,167e36f6,Eri-gon2,2025-04-18,19:18:31,-07:00,2025-04-18T19:18:31-07:00,0,37
style.css,22,css,167e36f6,Eri-gon2,2025-04-18,19:18:31,-07:00,2025-04-18T19:18:31-07:00,0,40
style.css,23,css,167e36f6,Eri-gon2,2025-04-18,19:18:31,-07:00,2025-04-18T19:18:31-07:00,0,44
style.css,24,css,0592ee66,Eri-gon2,2025-04-12,13:44:46,-07:00,2025-04-12T13:44:46-07:00,0,0
style.css,25,css,0592ee66,Eri-gon2,2025-04-12,13:44:46,-07:00,2025-04-12T13:44:46-07:00,0,2
style.css,26,css,0592ee66,Eri-gon2,2025-04-12,13:44:46,-07:00,2025-04-12T13:44:46-07:00,0,7
style.css,27,css,0592ee66,Eri-gon2,2025-04-12,13:44:46,-07:00,2025-04-12T13:44:46-07:00,0,21
style.css,28,css,0592ee66,Eri-gon2,2025-04-12,13:44:46,-07:00,2025-04-12T13:44:46-07:00,0,14
style.css,29,css,0592ee66,Eri-gon2,2025-04-12,13:44:46,-07:00,2025-04-12T13:44:46-07:00,0,18
style.css,30,css,0592ee66,Eri-gon2,2025-04-12,13:44:46,-07:00,2025-04-12T13:44:46-07:00,0,13
style.css,31,css,0592ee66,Eri-gon2,2025-04-12,13:44:46,-07:00,2025-04-12T13:44:46-07:00,0,0
style.css,32,css,0592ee66,Eri-gon2,2025-04-12,13:44:46,-07:00,2025-04-12T13:44:46-07:00,0,9
style.css,33,css,0592ee66,Eri-gon2,2025-04-12,13:44:46,-07:00,2025-04-12T13:44:46-07:00,0,25
style.css,34,css,0592ee66,Eri-gon2,2025-04-12,13:44:46,-07:00,2025-04-12T13:44:46-07:00,0,26
style.css,35,css,0592ee66,Eri-gon2,2025-04-12,13:44:46,-07:00,2025-04-12T13:44:46-07:00,0,37
style.css,36,css,0592ee66,Eri-gon2,2025-04-12,13:44:46,-07:00,2025-04-12T13:44:46-07:00,0,16
style.css,37,css,0592ee66,Eri-gon2,2025-04-12,13:44:46,-07:00,2025-04-12T13:44:46-07:00,0,0
style.css,38,css,0592ee66,Eri-gon2,2025-04-12,13:44:46,-07:00,2025-04-12T13:44:46-07:00,0,7
style.css,39,css,0592ee66,Eri-gon2,2025-04-12,13:44:46,-07:00,2025-04-12T13:44:46-07:00,0,25
style.css,40,css,0592ee66,Eri-gon2,2025-04-12,13:44:46,-07:00,2025-04-12T13:44:46-07:00,0,26
style.css,41,css,0592ee66,Eri-gon2,2025-04-12,13:44:46,-07:00,2025-04-12T13:44:46-07:00,0,39
style.css,42,css,167e36f6,Eri-gon2,2025-04-18,19:18:31,-07:00,2025-04-18T19:18:31-07:00,0,70
style.css,43,css,0592ee66,Eri-gon2,2025-04-12,13:44:46,-07:00,2025-04-12T13:44:46-07:00,0,0
style.css,44,css,0592ee66,Eri-gon2,2025-04-12,13:44:46,-07:00,2025-04-12T13:44:46-07:00,0,0
style.css,45,css,0592ee66,Eri-gon2,2025-04-12,13:44:46,-07:00,2025-04-12T13:44:46-07:00,0,4
style.css,46,css,0592ee66,Eri-gon2,2025-04-12,13:44:46,-07:00,2025-04-12T13:44:46-07:00,0,12
style.css,47,css,0592ee66,Eri-gon2,2025-04-12,13:44:46,-07:00,2025-04-12T13:44:46-07:00,0,31
style.css,48,css,0592ee66,Eri-gon2,2025-04-12,13:44:46,-07:00,2025-04-12T13:44:46-07:00,0,8
style.css,49,css,0592ee66,Eri-gon2,2025-04-12,13:44:46,-07:00,2025-04-12T13:44:46-07:00,0,0
style.css,50,css,0592ee66,Eri-gon2,2025-04-12,13:44:46,-07:00,2025-04-12T13:44:46-07:00,0,31
style.css,51,css,0592ee66,Eri-gon2,2025-04-12,13:44:46,-07:00,2025-04-12T13:44:46-07:00,0,13
style.css,52,css,0592ee66,Eri-gon2,2025-04-12,13:44:46,-07:00,2025-04-12T13:44:46-07:00,0,0
style.css,53,css,0592ee66,Eri-gon2,2025-04-12,13:44:46,-07:00,2025-04-12T13:44:46-07:00,0,5
style.css,54,css,0592ee66,Eri-gon2,2025-04-12,13:44:46,-07:00,2025-04-12T13:44:46-07:00,0,17
style.css,55,css,0592ee66,Eri-gon2,2025-04-12,13:44:46,-07:00,2025-04-12T13:44:46-07:00,0,30
style.css,56,css,0592ee66,Eri-gon2,2025-04-12,13:44:46,-07:00,2025-04-12T13:44:46-07:00,0,19
style.css,57,css,0592ee66,Eri-gon2,2025-04-12,13:44:46,-07:00,2025-04-12T13:44:46-07:00,0,0
style.css,58,css,0592ee66,Eri-gon2,2025-04-12,13:44:46,-07:00,2025-04-12T13:44:46-07:00,0,6
style.css,59,css,0592ee66,Eri-gon2,2025-04-12,13:44:46,-07:00,2025-04-12T13:44:46-07:00,0,19
style.css,60,css,0592ee66,Eri-gon2,2025-04-12,13:44:46,-07:00,2025-04-12T13:44:46-07:00,0,0
style.css,61,css,0592ee66,Eri-gon2,2025-04-12,13:44:46,-07:00,2025-04-12T13:44:46-07:00,0,0
style.css,62,css,0592ee66,Eri-gon2,2025-04-12,13:44:46,-07:00,2025-04-12T13:44:46-07:00,0,9
style.css,63,css,0592ee66,Eri-gon2,2025-04-12,13:44:46,-07:00,2025-04-12T13:44:46-07:00,0,12
style.css,64,css,0592ee66,Eri-gon2,2025-04-12,13:44:46,-07:00,2025-04-12T13:44:46-07:00,0,58
style.css,65,css,0592ee66,Eri-gon2,2025-04-12,13:44:46,-07:00,2025-04-12T13:44:46-07:00,0,0
style.css,66,css,0592ee66,Eri-gon2,2025-04-12,13:44:46,-07:00,2025-04-12T13:44:46-07:00,0,7
style.css,67,css,0592ee66,Eri-gon2,2025-04-12,13:44:46,-07:00,2025-04-12T13:44:46-07:00,0,27
style.css,68,css,0592ee66,Eri-gon2,2025-04-12,13:44:46,-07:00,2025-04-12T13:44:46-07:00,0,16
style.css,69,css,0592ee66,Eri-gon2,2025-04-12,13:44:46,-07:00,2025-04-12T13:44:46-07:00,0,13
style.css,70,css,0592ee66,Eri-gon2,2025-04-12,13:44:46,-07:00,2025-04-12T13:44:46-07:00,0,0
style.css,71,css,0592ee66,Eri-gon2,2025-04-12,13:44:46,-07:00,2025-04-12T13:44:46-07:00,0,2
style.css,72,css,0592ee66,Eri-gon2,2025-04-12,13:44:46,-07:00,2025-04-12T13:44:46-07:00,0,9
style.css,73,css,0592ee66,Eri-gon2,2025-04-12,13:44:46,-07:00,2025-04-12T13:44:46-07:00,0,0
style.css,74,css,0592ee66,Eri-gon2,2025-04-12,13:44:46,-07:00,2025-04-12T13:44:46-07:00,0,2
style.css,75,css,0592ee66,Eri-gon2,2025-04-12,13:44:46,-07:00,2025-04-12T13:44:46-07:00,0,13
style.css,76,css,0592ee66,Eri-gon2,2025-04-12,13:44:46,-07:00,2025-04-12T13:44:46-07:00,0,0
style.css,77,css,0592ee66,Eri-gon2,2025-04-12,13:44:46,-07:00,2025-04-12T13:44:46-07:00,0,17
style.css,78,css,0592ee66,Eri-gon2,2025-04-12,13:44:46,-07:00,2025-04-12T13:44:46-07:00,0,16
style.css,79,css,0592ee66,Eri-gon2,2025-04-12,13:44:46,-07:00,2025-04-12T13:44:46-07:00,0,18
style.css,80,css,0592ee66,Eri-gon2,2025-04-12,13:44:46,-07:00,2025-04-12T13:44:46-07:00,0,0
style.css,81,css,0592ee66,Eri-gon2,2025-04-12,13:44:46,-07:00,2025-04-12T13:44:46-07:00,0,5
style.css,82,css,0592ee66,Eri-gon2,2025-04-12,13:44:46,-07:00,2025-04-12T13:44:46-07:00,0,14
style.css,83,css,0592ee66,Eri-gon2,2025-04-12,13:44:46,-07:00,2025-04-12T13:44:46-07:00,0,18
style.css,84,css,0592ee66,Eri-gon2,2025-04-12,13:44:46,-07:00,2025-04-12T13:44:46-07:00,0,14
style.css,85,css,0592ee66,Eri-gon2,2025-04-12,13:44:46,-07:00,2025-04-12T13:44:46-07:00,0,19
style.css,86,css,0592ee66,Eri-gon2,2025-04-12,13:44:46,-07:00,2025-04-12T13:44:46-07:00,0,0
style.css,87,css,0592ee66,Eri-gon2,2025-04-12,13:44:46,-07:00,2025-04-12T13:44:46-07:00,0,2
style.css,88,css,0592ee66,Eri-gon2,2025-04-12,13:44:46,-07:00,2025-04-12T13:44:46-07:00,0,9
style.css,89,css,0592ee66,Eri-gon2,2025-04-12,13:44:46,-07:00,2025-04-12T13:44:46-07:00,0,11
style.css,90,css,0592ee66,Eri-gon2,2025-04-12,13:44:46,-07:00,2025-04-12T13:44:46-07:00,0,0
style.css,91,css,0592ee66,Eri-gon2,2025-04-12,13:44:46,-07:00,2025-04-12T13:44:46-07:00,0,8
style.css,92,css,0592ee66,Eri-gon2,2025-04-12,13:44:46,-07:00,2025-04-12T13:44:46-07:00,0,19
style.css,93,css,0592ee66,Eri-gon2,2025-04-12,13:44:46,-07:00,2025-04-12T13:44:46-07:00,0,0
style.css,94,css,0592ee66,Eri-gon2,2025-04-12,13:44:46,-07:00,2025-04-12T13:44:46-07:00,0,6
style.css,95,css,0592ee66,Eri-gon2,2025-04-12,13:44:46,-07:00,2025-04-12T13:44:46-07:00,0,18
style.css,96,css,0592ee66,Eri-gon2,2025-04-12,13:44:46,-07:00,2025-04-12T13:44:46-07:00,0,0
style.css,97,css,0592ee66,Eri-gon2,2025-04-12,13:44:46,-07:00,2025-04-12T13:44:46-07:00,0,6
style.css,98,css,0592ee66,Eri-gon2,2025-04-12,13:44:46,-07:00,2025-04-12T13:44:46-07:00,0,16
style.css,99,css,0592ee66,Eri-gon2,2025-04-12,13:44:46,-07:00,2025-04-12T13:44:46-07:00,0,0
style.css,100,css,0592ee66,Eri-gon2,2025-04-12,13:44:46,-07:00,2025-04-12T13:44:46-07:00,0,3
style.css,101,css,0592ee66,Eri-gon2,2025-04-12,13:44:46,-07:00,2025-04-12T13:44:46-07:00,0,13
style.css,102,css,0592ee66,Eri-gon2,2025-04-12,13:44:46,-07:00,2025-04-12T13:44:46-07:00,0,0
style.css,103,css,0592ee66,Eri-gon2,2025-04-12,13:44:46,-07:00,2025-04-12T13:44:46-07:00,0,26
style.css,104,css,0592ee66,Eri-gon2,2025-04-12,13:44:46,-07:00,2025-04-12T13:44:46-07:00,0,13
style.css,105,css,0592ee66,Eri-gon2,2025-04-12,13:44:46,-07:00,2025-04-12T13:44:46-07:00,0,19
style.css,106,css,0592ee66,Eri-gon2,2025-04-12,13:44:46,-07:00,2025-04-12T13:44:46-07:00,0,0
style.css,107,css,0592ee66,Eri-gon2,2025-04-12,13:44:46,-07:00,2025-04-12T13:44:46-07:00,0,6
style.css,108,css,0592ee66,Eri-gon2,2025-04-12,13:44:46,-07:00,2025-04-12T13:44:46-07:00,0,48
style.css,109,css,0592ee66,Eri-gon2,2025-04-12,13:44:46,-07:00,2025-04-12T13:44:46-07:00,0,0
style.css,110,css,0592ee66,Eri-gon2,2025-04-12,13:44:46,-07:00,2025-04-12T13:44:46-07:00,0,6
style.css,111,css,0592ee66,Eri-gon2,2025-04-12,13:44:46,-07:00,2025-04-12T13:44:46-07:00,0,37
style.css,112,css,0592ee66,Eri-gon2,2025-04-12,13:44:46,-07:00,2025-04-12T13:44:46-07:00,0,0
style.css,113,css,167e36f6,Eri-gon2,2025-04-18,19:18:31,-07:00,2025-04-18T19:18:31-07:00,0,0
style.css,114,css,167e36f6,Eri-gon2,2025-04-18,19:18:31,-07:00,2025-04-18T19:18:31-07:00,0,14
style.css,115,css,167e36f6,Eri-gon2,2025-04-18,19:18:31,-07:00,2025-04-18T19:18:31-07:00,0,15
style.css,116,css,167e36f6,Eri-gon2,2025-04-18,19:18:31,-07:00,2025-04-18T19:18:31-07:00,0,13
style.css,117,css,167e36f6,Eri-gon2,2025-04-18,19:18:31,-07:00,2025-04-18T19:18:31-07:00,0,9
style.css,118,css,167e36f6,Eri-gon2,2025-04-18,19:18:31,-07:00,2025-04-18T19:18:31-07:00,0,11
style.css,119,css,167e36f6,Eri-gon2,2025-04-18,19:18:31,-07:00,2025-04-18T19:18:31-07:00,0,14
style.css,120,css,167e36f6,Eri-gon2,2025-04-18,19:18:31,-07:00,2025-04-18T19:18:31-07:00,0,20
style.css,121,css,167e36f6,Eri-gon2,2025-04-18,19:18:31,-07:00,2025-04-18T19:18:31-07:00,0,0
style.css,122,css,167e36f6,Eri-gon2,2025-04-18,19:18:31,-07:00,2025-04-18T19:18:31-07:00,0,0
style.css,123,css,167e36f6,Eri-gon2,2025-04-18,19:18:31,-07:00,2025-04-18T19:18:31-07:00,0,21
style.css,124,css,167e36f6,Eri-gon2,2025-04-18,19:18:31,-07:00,2025-04-18T19:18:31-07:00,0,20
style.css,125,css,86aa1fa2,Eri-gon2,2025-04-25,22:55:03,-07:00,2025-04-25T22:55:03-07:00,0,0
style.css,126,css,86aa1fa2,Eri-gon2,2025-04-25,22:55:03,-07:00,2025-04-25T22:55:03-07:00,0,18
style.css,127,css,86aa1fa2,Eri-gon2,2025-04-25,22:55:03,-07:00,2025-04-25T22:55:03-07:00,0,13
style.css,128,css,86aa1fa2,Eri-gon2,2025-04-25,22:55:03,-07:00,2025-04-25T22:55:03-07:00,0,37
style.css,129,css,86aa1fa2,Eri-gon2,2025-04-25,22:55:03,-07:00,2025-04-25T22:55:03-07:00,0,11
style.css,130,css,86aa1fa2,Eri-gon2,2025-04-25,22:55:03,-07:00,2025-04-25T22:55:03-07:00,0,18
style.css,131,css,86aa1fa2,Eri-gon2,2025-04-25,22:55:03,-07:00,2025-04-25T22:55:03-07:00,0,13
style.css,132,css,86aa1fa2,Eri-gon2,2025-04-25,22:55:03,-07:00,2025-04-25T22:55:03-07:00,0,22
style.css,133,css,86aa1fa2,Eri-gon2,2025-04-25,22:55:03,-07:00,2025-04-25T22:55:03-07:00,0,23
style.css,134,css,86aa1fa2,Eri-gon2,2025-04-25,22:55:03,-07:00,2025-04-25T22:55:03-07:00,0,16
style.css,135,css,86aa1fa2,Eri-gon2,2025-04-25,22:55:03,-07:00,2025-04-25T22:55:03-07:00,0,17
style.css,136,css,86aa1fa2,Eri-gon2,2025-04-25,22:55:03,-07:00,2025-04-25T22:55:03-07:00,0,40
style.css,137,css,86aa1fa2,Eri-gon2,2025-04-25,22:55:03,-07:00,2025-04-25T22:55:03-07:00,0,0
style.css,138,css,86aa1fa2,Eri-gon2,2025-04-25,22:55:03,-07:00,2025-04-25T22:55:03-07:00,0,0
style.css,139,css,86aa1fa2,Eri-gon2,2025-04-25,22:55:03,-07:00,2025-04-25T22:55:03-07:00,0,17
style.css,140,css,86aa1fa2,Eri-gon2,2025-04-25,22:55:03,-07:00,2025-04-25T22:55:03-07:00,0,18
style.css,141,css,86aa1fa2,Eri-gon2,2025-04-25,22:55:03,-07:00,2025-04-25T22:55:03-07:00,0,9
style.css,142,css,86aa1fa2,Eri-gon2,2025-04-25,22:55:03,-07:00,2025-04-25T22:55:03-07:00,0,0
style.css,143,css,86aa1fa2,Eri-gon2,2025-04-25,22:55:03,-07:00,2025-04-25T22:55:03-07:00,0,0
style.css,144,css,86aa1fa2,Eri-gon2,2025-04-25,22:55:03,-07:00,2025-04-25T22:55:03-07:00,0,18
style.css,145,css,86aa1fa2,Eri-gon2,2025-04-25,22:55:03,-07:00,2025-04-25T22:55:03-07:00,0,17
style.css,146,css,86aa1fa2,Eri-gon2,2025-04-25,22:55:03,-07:00,2025-04-25T22:55:03-07:00,0,11
style.css,147,css,86aa1fa2,Eri-gon2,2025-04-25,22:55:03,-07:00,2025-04-25T22:55:03-07:00,0,0
style.css,148,css,86aa1fa2,Eri-gon2,2025-04-25,22:55:03,-07:00,2025-04-25T22:55:03-07:00,0,0
style.css,149,css,86aa1fa2,Eri-gon2,2025-04-25,22:55:03,-07:00,2025-04-25T22:55:03-07:00,0,18
style.css,150,css,86aa1fa2,Eri-gon2,2025-04-25,22:55:03,-07:00,2025-04-25T22:55:03-07:00,0,11
style.css,151,css,764c64eb,Eri-gon2,2025-05-03,14:44:04,-07:00,2025-05-03T14:44:04-07:00,0,0
style.css,152,css,764c64eb,Eri-gon2,2025-05-03,14:44:04,-07:00,2025-05-03T14:44:04-07:00,0,6
style.css,153,css,764c64eb,Eri-gon2,2025-05-03,14:44:04,-07:00,2025-05-03T14:44:04-07:00,0,33
style.css,154,css,764c64eb,Eri-gon2,2025-05-03,14:44:04,-07:00,2025-05-03T14:44:04-07:00,0,35
style.css,155,css,764c64eb,Eri-gon2,2025-05-03,14:44:04,-07:00,2025-05-03T14:44:04-07:00,0,0
style.css,156,css,764c64eb,Eri-gon2,2025-05-03,14:44:04,-07:00,2025-05-03T14:44:04-07:00,0,15
style.css,157,css,764c64eb,Eri-gon2,2025-05-03,14:44:04,-07:00,2025-05-03T14:44:04-07:00,0,15
style.css,158,css,764c64eb,Eri-gon2,2025-05-03,14:44:04,-07:00,2025-05-03T14:44:04-07:00,0,17
style.css,159,css,764c64eb,Eri-gon2,2025-05-03,14:44:04,-07:00,2025-05-03T14:44:04-07:00,0,0
style.css,160,css,764c64eb,Eri-gon2,2025-05-03,14:44:04,-07:00,2025-05-03T14:44:04-07:00,0,17
style.css,161,css,764c64eb,Eri-gon2,2025-05-03,14:44:04,-07:00,2025-05-03T14:44:04-07:00,0,0
style.css,162,css,764c64eb,Eri-gon2,2025-05-03,14:44:04,-07:00,2025-05-03T14:44:04-07:00,0,8
style.css,163,css,764c64eb,Eri-gon2,2025-05-03,14:44:04,-07:00,2025-05-03T14:44:04-07:00,0,12
style.css,164,css,764c64eb,Eri-gon2,2025-05-03,14:44:04,-07:00,2025-05-03T14:44:04-07:00,0,58
style.css,165,css,764c64eb,Eri-gon2,2025-05-03,14:44:04,-07:00,2025-05-03T14:44:04-07:00,0,17
style.css,166,css,764c64eb,Eri-gon2,2025-05-03,14:44:04,-07:00,2025-05-03T14:44:04-07:00,0,19
style.css,167,css,764c64eb,Eri-gon2,2025-05-03,14:44:04,-07:00,2025-05-03T14:44:04-07:00,0,17
style.css,168,css,764c64eb,Eri-gon2,2025-05-03,14:44:04,-07:00,2025-05-03T14:44:04-07:00,0,16
style.css,169,css,764c64eb,Eri-gon2,2025-05-03,14:44:04,-07:00,2025-05-03T14:44:04-07:00,0,11
style.css,170,css,764c64eb,Eri-gon2,2025-05-03,14:44:04,-07:00,2025-05-03T14:44:04-07:00,0,0
style.css,171,css,764c64eb,Eri-gon2,2025-05-03,14:44:04,-07:00,2025-05-03T14:44:04-07:00,0,0
style.css,172,css,764c64eb,Eri-gon2,2025-05-03,14:44:04,-07:00,2025-05-03T14:44:04-07:00,0,11
style.css,173,css,764c64eb,Eri-gon2,2025-05-03,14:44:04,-07:00,2025-05-03T14:44:04-07:00,0,13
style.css,174,css,764c64eb,Eri-gon2,2025-05-03,14:44:04,-07:00,2025-05-03T14:44:04-07:00,0,19
style.css,175,css,764c64eb,Eri-gon2,2025-05-03,14:44:04,-07:00,2025-05-03T14:44:04-07:00,0,18
style.css,176,css,764c64eb,Eri-gon2,2025-05-03,14:44:04,-07:00,2025-05-03T14:44:04-07:00,0,10
style.css,177,css,764c64eb,Eri-gon2,2025-05-03,14:44:04,-07:00,2025-05-03T14:44:04-07:00,0,0
style.css,178,css,764c64eb,Eri-gon2,2025-05-03,14:44:04,-07:00,2025-05-03T14:44:04-07:00,0,0
style.css,179,css,764c64eb,Eri-gon2,2025-05-03,14:44:04,-07:00,2025-05-03T14:44:04-07:00,0,8
style.css,180,css,764c64eb,Eri-gon2,2025-05-03,14:44:04,-07:00,2025-05-03T14:44:04-07:00,0,10
style.css,181,css,764c64eb,Eri-gon2,2025-05-03,14:44:04,-07:00,2025-05-03T14:44:04-07:00,0,19
style.css,182,css,764c64eb,Eri-gon2,2025-05-03,14:44:04,-07:00,2025-05-03T14:44:04-07:00,0,19
style.css,183,css,764c64eb,Eri-gon2,2025-05-03,14:44:04,-07:00,2025-05-03T14:44:04-07:00,0,30
style.css,184,css,764c64eb,Eri-gon2,2025-05-03,14:44:04,-07:00,2025-05-03T14:44:04-07:00,0,44
style.css,185,css,764c64eb,Eri-gon2,2025-05-03,14:44:04,-07:00,2025-05-03T14:44:04-07:00,0,14
style.css,186,css,764c64eb,Eri-gon2,2025-05-03,14:44:04,-07:00,2025-05-03T14:44:04-07:00,0,0
style.css,187,css,764c64eb,Eri-gon2,2025-05-03,14:44:04,-07:00,2025-05-03T14:44:04-07:00,0,10
style.css,188,css,764c64eb,Eri-gon2,2025-05-03,14:44:04,-07:00,2025-05-03T14:44:04-07:00,0,13
style.css,189,css,764c64eb,Eri-gon2,2025-05-03,14:44:04,-07:00,2025-05-03T14:44:04-07:00,0,19
style.css,190,css,764c64eb,Eri-gon2,2025-05-03,14:44:04,-07:00,2025-05-03T14:44:04-07:00,0,0
style.css,191,css,764c64eb,Eri-gon2,2025-05-03,14:44:04,-07:00,2025-05-03T14:44:04-07:00,0,0
style.css,192,css,764c64eb,Eri-gon2,2025-05-03,14:44:04,-07:00,2025-05-03T14:44:04-07:00,0,18
style.css,193,css,764c64eb,Eri-gon2,2025-05-03,14:44:04,-07:00,2025-05-03T14:44:04-07:00,0,17
style.css,194,css,764c64eb,Eri-gon2,2025-05-03,14:44:04,-07:00,2025-05-03T14:44:04-07:00,0,12
style.css,195,css,764c64eb,Eri-gon2,2025-05-03,14:44:04,-07:00,2025-05-03T14:44:04-07:00,0,0
style.css,196,css,764c64eb,Eri-gon2,2025-05-03,14:44:04,-07:00,2025-05-03T14:44:04-07:00,0,0
style.css,197,css,764c64eb,Eri-gon2,2025-05-03,14:44:04,-07:00,2025-05-03T14:44:04-07:00,0,0
style.css,198,css,764c64eb,Eri-gon2,2025-05-03,14:44:04,-07:00,2025-05-03T14:44:04-07:00,0,5
style.css,199,css,764c64eb,Eri-gon2,2025-05-03,14:44:04,-07:00,2025-05-03T14:44:04-07:00,0,17
style.css,200,css,764c64eb,Eri-gon2,2025-05-03,14:44:04,-07:00,2025-05-03T14:44:04-07:00,0,14
style.css,201,css,764c64eb,Eri-gon2,2025-05-03,14:44:04,-07:00,2025-05-03T14:44:04-07:00,0,0
style.css,202,css,764c64eb,Eri-gon2,2025-05-03,14:44:04,-07:00,2025-05-03T14:44:04-07:00,0,0
style.css,203,css,764c64eb,Eri-gon2,2025-05-03,14:44:04,-07:00,2025-05-03T14:44:04-07:00,0,10
style.css,204,css,764c64eb,Eri-gon2,2025-05-03,14:44:04,-07:00,2025-05-03T14:44:04-07:00,0,36
style.css,205,css,764c64eb,Eri-gon2,2025-05-03,14:44:04,-07:00,2025-05-03T14:44:04-07:00,0,0
style.css,206,css,764c64eb,Eri-gon2,2025-05-03,14:44:04,-07:00,2025-05-03T14:44:04-07:00,0,11
style.css,207,css,764c64eb,Eri-gon2,2025-05-03,14:44:04,-07:00,2025-05-03T14:44:04-07:00,0,18
style.css,208,css,764c64eb,Eri-gon2,2025-05-03,14:44:04,-07:00,2025-05-03T14:44:04-07:00,0,0
style.css,209,css,764c64eb,Eri-gon2,2025-05-03,14:44:04,-07:00,2025-05-03T14:44:04-07:00,0,0
style.css,210,css,764c64eb,Eri-gon2,2025-05-03,14:44:04,-07:00,2025-05-03T14:44:04-07:00,0,0
style.css,211,css,764c64eb,Eri-gon2,2025-05-03,14:44:04,-07:00,2025-05-03T14:44:04-07:00,0,10
style.css,212,css,764c64eb,Eri-gon2,2025-05-03,14:44:04,-07:00,2025-05-03T14:44:04-07:00,0,36
style.css,213,css,764c64eb,Eri-gon2,2025-05-03,14:44:04,-07:00,2025-05-03T14:44:04-07:00,0,0
style.css,214,css,764c64eb,Eri-gon2,2025-05-03,14:44:04,-07:00,2025-05-03T14:44:04-07:00,0,11
style.css,215,css,764c64eb,Eri-gon2,2025-05-03,14:44:04,-07:00,2025-05-03T14:44:04-07:00,0,18
style.css,216,css,764c64eb,Eri-gon2,2025-05-03,14:44:04,-07:00,2025-05-03T14:44:04-07:00,0,0
style.css,217,css,0592ee66,Eri-gon2,2025-04-12,13:44:46,-07:00,2025-04-12T13:44:46-07:00,0,0
index.js,1,js,86aa1fa2,Eri-gon2,2025-04-25,22:55:03,-07:00,2025-04-25T22:55:03-07:00,0,72
index.js,2,js,86aa1fa2,Eri-gon2,2025-04-25,22:55:03,-07:00,2025-04-25T22:55:03-07:00,0,55
index.js,3,js,86aa1fa2,Eri-gon2,2025-04-25,22:55:03,-07:00,2025-04-25T22:55:03-07:00,0,43
index.js,4,js,86aa1fa2,Eri-gon2,2025-04-25,22:55:03,-07:00,2025-04-25T22:55:03-07:00,0,61
index.js,5,js,86aa1fa2,Eri-gon2,2025-04-25,22:55:03,-07:00,2025-04-25T22:55:03-07:00,0,55
index.js,6,js,86aa1fa2,Eri-gon2,2025-04-25,22:55:03,-07:00,2025-04-25T22:55:03-07:00,0,0
index.js,7,js,86aa1fa2,Eri-gon2,2025-04-25,22:55:03,-07:00,2025-04-25T22:55:03-07:00,0,59
index.js,8,js,86aa1fa2,Eri-gon2,2025-04-25,22:55:03,-07:00,2025-04-25T22:55:03-07:00,0,61
index.js,9,js,86aa1fa2,Eri-gon2,2025-04-25,22:55:03,-07:00,2025-04-25T22:55:03-07:00,0,18
index.js,10,js,86aa1fa2,Eri-gon2,2025-04-25,22:55:03,-07:00,2025-04-25T22:55:03-07:00,0,25
index.js,11,js,86aa1fa2,Eri-gon2,2025-04-25,22:55:03,-07:00,2025-04-25T22:55:03-07:00,0,25
index.js,12,js,86aa1fa2,Eri-gon2,2025-04-25,22:55:03,-07:00,2025-04-25T22:55:03-07:00,0,3
index.js,13,js,86aa1fa2,Eri-gon2,2025-04-25,22:55:03,-07:00,2025-04-25T22:55:03-07:00,0,56
index.js,14,js,86aa1fa2,Eri-gon2,2025-04-25,22:55:03,-07:00,2025-04-25T22:55:03-07:00,0,56
index.js,15,js,86aa1fa2,Eri-gon2,2025-04-25,22:55:03,-07:00,2025-04-25T22:55:03-07:00,0,50
index.js,16,js,86aa1fa2,Eri-gon2,2025-04-25,22:55:03,-07:00,2025-04-25T22:55:03-07:00,0,50
index.js,17,js,86aa1fa2,Eri-gon2,2025-04-25,22:55:03,-07:00,2025-04-25T22:55:03-07:00,0,4
index.js,18,js,86aa1fa2,Eri-gon2,2025-04-25,22:55:03,-07:00,2025-04-25T22:55:03-07:00,0,1
index.js,19,js,86aa1fa2,Eri-gon2,2025-04-25,22:55:03,-07:00,2025-04-25T22:55:03-07:00,0,0
index.html,1,html,9359483b,Eri-gon2,2025-04-05,12:09:11,-07:00,2025-04-05T12:09:11-07:00,0,14
index.html,2,html,9359483b,Eri-gon2,2025-04-05,12:09:11,-07:00,2025-04-05T12:09:11-07:00,0,15
index.html,3,html,9359483b,Eri-gon2,2025-04-05,12:09:11,-07:00,2025-04-05T12:09:11-07:00,0,5
index.html,4,html,9359483b,Eri-gon2,2025-04-05,12:09:11,-07:00,2025-04-05T12:09:11-07:00,0,21
index.html,5,html,9359483b,Eri-gon2,2025-04-05,12:09:11,-07:00,2025-04-05T12:09:11-07:00,0,69
index.html,6,html,0592ee66,Eri-gon2,2025-04-12,13:44:46,-07:00,2025-04-12T13:44:46-07:00,0,39
index.html,7,html,99abcdb5,Eri-gon2,2025-04-18,10:32:12,-07:00,2025-04-18T10:32:12-07:00,0,46
index.html,8,html,9359483b,Eri-gon2,2025-04-05,12:09:11,-07:00,2025-04-05T12:09:11-07:00,0,51
index.html,9,html,9359483b,Eri-gon2,2025-04-05,12:09:11,-07:00,2025-04-05T12:09:11-07:00,0,6
index.html,10,html,9359483b,Eri-gon2,2025-04-05,12:09:11,-07:00,2025-04-05T12:09:11-07:00,0,5
index.html,11,html,9359483b,Eri-gon2,2025-04-05,12:09:11,-07:00,2025-04-05T12:09:11-07:00,0,16
index.html,12,html,99abcdb5,Eri-gon2,2025-04-18,10:32:12,-07:00,2025-04-18T10:32:12-07:00,0,9
index.html,13,html,99abcdb5,Eri-gon2,2025-04-18,10:32:12,-07:00,2025-04-18T10:32:12-07:00,0,30
index.html,14,html,7432f1e1,Eri-gon2,2025-04-05,14:46:03,-07:00,2025-04-05T14:46:03-07:00,0,43
index.html,15,html,0592ee66,Eri-gon2,2025-04-12,13:44:46,-07:00,2025-04-12T13:44:46-07:00,0,41
index.html,16,html,7fb5a31b,Eri-gon2,2025-04-05,14:55:03,-07:00,2025-04-05T14:55:03-07:00,0,31
index.html,17,html,7432f1e1,Eri-gon2,2025-04-05,14:46:03,-07:00,2025-04-05T14:46:03-07:00,0,65
index.html,18,html,99abcdb5,Eri-gon2,2025-04-18,10:32:12,-07:00,2025-04-18T10:32:12-07:00,0,9
index.html,19,html,7432f1e1,Eri-gon2,2025-04-05,14:46:03,-07:00,2025-04-05T14:46:03-07:00,0,217
index.html,20,html,7432f1e1,Eri-gon2,2025-04-05,14:46:03,-07:00,2025-04-05T14:46:03-07:00,0,78
index.html,21,html,86aa1fa2,Eri-gon2,2025-04-25,22:55:03,-07:00,2025-04-25T22:55:03-07:00,0,39
index.html,22,html,86aa1fa2,Eri-gon2,2025-04-25,22:55:03,-07:00,2025-04-25T22:55:03-07:00,0,21
index.html,23,html,86aa1fa2,Eri-gon2,2025-04-25,22:55:03,-07:00,2025-04-25T22:55:03-07:00,0,51
index.html,24,html,86aa1fa2,Eri-gon2,2025-04-25,22:55:03,-07:00,2025-04-25T22:55:03-07:00,0,5
index.html,25,html,86aa1fa2,Eri-gon2,2025-04-25,22:55:03,-07:00,2025-04-25T22:55:03-07:00,0,29
index.html,26,html,9359483b,Eri-gon2,2025-04-05,12:09:11,-07:00,2025-04-05T12:09:11-07:00,0,6
index.html,27,html,9359483b,Eri-gon2,2025-04-05,12:09:11,-07:00,2025-04-05T12:09:11-07:00,0,6
global.js,1,js,9f4aa6bb,Eri-gon2,2025-04-24,20:12:42,-07:00,2025-04-24T20:12:42-07:00,0,89
global.js,2,js,9f4aa6bb,Eri-gon2,2025-04-24,20:12:42,-07:00,2025-04-24T20:12:42-07:00,0,4
global.js,3,js,f3ca90bb,Eri-gon2,2025-04-30,12:08:16,-07:00,2025-04-30T12:08:16-07:00,0,23
global.js,4,js,99abcdb5,Eri-gon2,2025-04-18,10:32:12,-07:00,2025-04-18T10:32:12-07:00,0,0
global.js,5,js,99abcdb5,Eri-gon2,2025-04-18,10:32:12,-07:00,2025-04-18T10:32:12-07:00,0,12
global.js,6,js,883c3971,Eri-gon2,2025-04-18,23:53:18,-07:00,2025-04-18T23:53:18-07:00,0,26
global.js,7,js,883c3971,Eri-gon2,2025-04-18,23:53:18,-07:00,2025-04-18T23:53:18-07:00,0,39
global.js,8,js,883c3971,Eri-gon2,2025-04-18,23:53:18,-07:00,2025-04-18T23:53:18-07:00,0,37
global.js,9,js,883c3971,Eri-gon2,2025-04-18,23:53:18,-07:00,2025-04-18T23:53:18-07:00,0,27
global.js,10,js,00000000,Not Committed Yet,2025-05-05,10:35:16,-07:00,2025-05-05T10:35:16-07:00,0,31
global.js,11,js,883c3971,Eri-gon2,2025-04-18,23:53:18,-07:00,2025-04-18T23:53:18-07:00,0,55
global.js,12,js,883c3971,Eri-gon2,2025-04-18,23:53:18,-07:00,2025-04-18T23:53:18-07:00,0,1
global.js,13,js,99abcdb5,Eri-gon2,2025-04-18,10:32:12,-07:00,2025-04-18T10:32:12-07:00,0,0
global.js,14,js,99abcdb5,Eri-gon2,2025-04-18,10:32:12,-07:00,2025-04-18T10:32:12-07:00,0,39
global.js,15,js,99abcdb5,Eri-gon2,2025-04-18,10:32:12,-07:00,2025-04-18T10:32:12-07:00,0,26
global.js,16,js,99abcdb5,Eri-gon2,2025-04-18,10:32:12,-07:00,2025-04-18T10:32:12-07:00,0,0
global.js,17,js,99abcdb5,Eri-gon2,2025-04-18,10:32:12,-07:00,2025-04-18T10:32:12-07:00,0,21
global.js,18,js,99abcdb5,Eri-gon2,2025-04-18,10:32:12,-07:00,2025-04-18T10:32:12-07:00,0,15
global.js,19,js,99abcdb5,Eri-gon2,2025-04-18,10:32:12,-07:00,2025-04-18T10:32:12-07:00,0,19
global.js,20,js,883c3971,Eri-gon2,2025-04-18,23:53:18,-07:00,2025-04-18T23:53:18-07:00,0,53
global.js,21,js,b7823069,Eri-gon2,2025-04-25,23:16:08,-07:00,2025-04-25T23:16:08-07:00,0,0
global.js,22,js,b7823069,Eri-gon2,2025-04-25,23:16:08,-07:00,2025-04-25T23:16:08-07:00,0,35
global.js,23,js,167e36f6,Eri-gon2,2025-04-18,19:18:31,-07:00,2025-04-18T19:18:31-07:00,0,12
global.js,24,js,167e36f6,Eri-gon2,2025-04-18,19:18:31,-07:00,2025-04-18T19:18:31-07:00,0,21
global.js,25,js,883c3971,Eri-gon2,2025-04-18,23:53:18,-07:00,2025-04-18T23:53:18-07:00,0,0
global.js,26,js,b7823069,Eri-gon2,2025-04-25,23:16:08,-07:00,2025-04-25T23:16:08-07:00,0,18
global.js,27,js,b7823069,Eri-gon2,2025-04-25,23:16:08,-07:00,2025-04-25T23:16:08-07:00,0,9
global.js,28,js,b7823069,Eri-gon2,2025-04-25,23:16:08,-07:00,2025-04-25T23:16:08-07:00,0,60
global.js,29,js,b7823069,Eri-gon2,2025-04-25,23:16:08,-07:00,2025-04-25T23:16:08-07:00,0,1
global.js,30,js,167e36f6,Eri-gon2,2025-04-18,19:18:31,-07:00,2025-04-18T19:18:31-07:00,0,0
global.js,31,js,167e36f6,Eri-gon2,2025-04-18,19:18:31,-07:00,2025-04-18T19:18:31-07:00,0,30
global.js,32,js,167e36f6,Eri-gon2,2025-04-18,19:18:31,-07:00,2025-04-18T19:18:31-07:00,0,19
global.js,33,js,167e36f6,Eri-gon2,2025-04-18,19:18:31,-07:00,2025-04-18T19:18:31-07:00,0,0
global.js,34,js,167e36f6,Eri-gon2,2025-04-18,19:18:31,-07:00,2025-04-18T19:18:31-07:00,0,0
global.js,35,js,883c3971,Eri-gon2,2025-04-18,23:53:18,-07:00,2025-04-18T23:53:18-07:00,0,13
global.js,36,js,167e36f6,Eri-gon2,2025-04-18,19:18:31,-07:00,2025-04-18T19:18:31-07:00,0,0
global.js,37,js,167e36f6,Eri-gon2,2025-04-18,19:18:31,-07:00,2025-04-18T19:18:31-07:00,0,0
global.js,38,js,167e36f6,Eri-gon2,2025-04-18,19:18:31,-07:00,2025-04-18T19:18:31-07:00,0,32
global.js,39,js,167e36f6,Eri-gon2,2025-04-18,19:18:31,-07:00,2025-04-18T19:18:31-07:00,0,12
global.js,40,js,167e36f6,Eri-gon2,2025-04-18,19:18:31,-07:00,2025-04-18T19:18:31-07:00,0,0
global.js,41,js,167e36f6,Eri-gon2,2025-04-18,19:18:31,-07:00,2025-04-18T19:18:31-07:00,0,27
global.js,42,js,167e36f6,Eri-gon2,2025-04-18,19:18:31,-07:00,2025-04-18T19:18:31-07:00,0,5
global.js,43,js,167e36f6,Eri-gon2,2025-04-18,19:18:31,-07:00,2025-04-18T19:18:31-07:00,0,7
global.js,44,js,167e36f6,Eri-gon2,2025-04-18,19:18:31,-07:00,2025-04-18T19:18:31-07:00,0,44
global.js,45,js,167e36f6,Eri-gon2,2025-04-18,19:18:31,-07:00,2025-04-18T19:18:31-07:00,0,35
global.js,46,js,167e36f6,Eri-gon2,2025-04-18,19:18:31,-07:00,2025-04-18T19:18:31-07:00,0,33
global.js,47,js,167e36f6,Eri-gon2,2025-04-18,19:18:31,-07:00,2025-04-18T19:18:31-07:00,0,8
global.js,48,js,167e36f6,Eri-gon2,2025-04-18,19:18:31,-07:00,2025-04-18T19:18:31-07:00,0,7
global.js,49,js,167e36f6,Eri-gon2,2025-04-18,19:18:31,-07:00,2025-04-18T19:18:31-07:00,0,0
global.js,50,js,167e36f6,Eri-gon2,2025-04-18,19:18:31,-07:00,2025-04-18T19:18:31-07:00,0,1
global.js,51,js,167e36f6,Eri-gon2,2025-04-18,19:18:31,-07:00,2025-04-18T19:18:31-07:00,0,0
global.js,52,js,167e36f6,Eri-gon2,2025-04-18,19:18:31,-07:00,2025-04-18T19:18:31-07:00,0,61
global.js,53,js,167e36f6,Eri-gon2,2025-04-18,19:18:31,-07:00,2025-04-18T19:18:31-07:00,0,0
global.js,54,js,167e36f6,Eri-gon2,2025-04-18,19:18:31,-07:00,2025-04-18T19:18:31-07:00,0,32
global.js,55,js,167e36f6,Eri-gon2,2025-04-18,19:18:31,-07:00,2025-04-18T19:18:31-07:00,0,66
global.js,56,js,167e36f6,Eri-gon2,2025-04-18,19:18:31,-07:00,2025-04-18T19:18:31-07:00,0,21
global.js,57,js,167e36f6,Eri-gon2,2025-04-18,19:18:31,-07:00,2025-04-18T19:18:31-07:00,0,0
global.js,58,js,167e36f6,Eri-gon2,2025-04-18,19:18:31,-07:00,2025-04-18T19:18:31-07:00,0,0
global.js,59,js,167e36f6,Eri-gon2,2025-04-18,19:18:31,-07:00,2025-04-18T19:18:31-07:00,0,44
global.js,60,js,167e36f6,Eri-gon2,2025-04-18,19:18:31,-07:00,2025-04-18T19:18:31-07:00,0,32
global.js,61,js,167e36f6,Eri-gon2,2025-04-18,19:18:31,-07:00,2025-04-18T19:18:31-07:00,0,21
global.js,62,js,167e36f6,Eri-gon2,2025-04-18,19:18:31,-07:00,2025-04-18T19:18:31-07:00,0,32
global.js,63,js,167e36f6,Eri-gon2,2025-04-18,19:18:31,-07:00,2025-04-18T19:18:31-07:00,0,2
global.js,64,js,167e36f6,Eri-gon2,2025-04-18,19:18:31,-07:00,2025-04-18T19:18:31-07:00,0,0
global.js,65,js,167e36f6,Eri-gon2,2025-04-18,19:18:31,-07:00,2025-04-18T19:18:31-07:00,0,35
global.js,66,js,167e36f6,Eri-gon2,2025-04-18,19:18:31,-07:00,2025-04-18T19:18:31-07:00,0,40
global.js,67,js,9f4aa6bb,Eri-gon2,2025-04-24,20:12:42,-07:00,2025-04-24T20:12:42-07:00,0,0
global.js,68,js,86aa1fa2,Eri-gon2,2025-04-25,22:55:03,-07:00,2025-04-25T22:55:03-07:00,0,0
global.js,69,js,86aa1fa2,Eri-gon2,2025-04-25,22:55:03,-07:00,2025-04-25T22:55:03-07:00,0,37
global.js,70,js,86aa1fa2,Eri-gon2,2025-04-25,22:55:03,-07:00,2025-04-25T22:55:03-07:00,0,4
global.js,71,js,86aa1fa2,Eri-gon2,2025-04-25,22:55:03,-07:00,2025-04-25T22:55:03-07:00,0,40
global.js,72,js,86aa1fa2,Eri-gon2,2025-04-25,22:55:03,-07:00,2025-04-25T22:55:03-07:00,0,33
global.js,73,js,86aa1fa2,Eri-gon2,2025-04-25,22:55:03,-07:00,2025-04-25T22:55:03-07:00,0,18
global.js,74,js,86aa1fa2,Eri-gon2,2025-04-25,22:55:03,-07:00,2025-04-25T22:55:03-07:00,0,67
global.js,75,js,86aa1fa2,Eri-gon2,2025-04-25,22:55:03,-07:00,2025-04-25T22:55:03-07:00,0,0
global.js,76,js,86aa1fa2,Eri-gon2,2025-04-25,22:55:03,-07:00,2025-04-25T22:55:03-07:00,0,34
global.js,77,js,86aa1fa2,Eri-gon2,2025-04-25,22:55:03,-07:00,2025-04-25T22:55:03-07:00,0,11
global.js,78,js,86aa1fa2,Eri-gon2,2025-04-25,22:55:03,-07:00,2025-04-25T22:55:03-07:00,0,16
global.js,79,js,86aa1fa2,Eri-gon2,2025-04-25,22:55:03,-07:00,2025-04-25T22:55:03-07:00,0,60
global.js,80,js,86aa1fa2,Eri-gon2,2025-04-25,22:55:03,-07:00,2025-04-25T22:55:03-07:00,0,0
global.js,81,js,86aa1fa2,Eri-gon2,2025-04-25,22:55:03,-07:00,2025-04-25T22:55:03-07:00,0,0
global.js,82,js,86aa1fa2,Eri-gon2,2025-04-25,22:55:03,-07:00,2025-04-25T22:55:03-07:00,0,0
global.js,83,js,86aa1fa2,Eri-gon2,2025-04-25,22:55:03,-07:00,2025-04-25T22:55:03-07:00,0,80
global.js,84,js,86aa1fa2,Eri-gon2,2025-04-25,22:55:03,-07:00,2025-04-25T22:55:03-07:00,0,62
global.js,85,js,86aa1fa2,Eri-gon2,2025-04-25,22:55:03,-07:00,2025-04-25T22:55:03-07:00,0,56
global.js,86,js,86aa1fa2,Eri-gon2,2025-04-25,22:55:03,-07:00,2025-04-25T22:55:03-07:00,0,31
global.js,87,js,86aa1fa2,Eri-gon2,2025-04-25,22:55:03,-07:00,2025-04-25T22:55:03-07:00,0,28
global.js,88,js,86aa1fa2,Eri-gon2,2025-04-25,22:55:03,-07:00,2025-04-25T22:55:03-07:00,0,32
global.js,89,js,86aa1fa2,Eri-gon2,2025-04-25,22:55:03,-07:00,2025-04-25T22:55:03-07:00,0,49
global.js,90,js,86aa1fa2,Eri-gon2,2025-04-25,22:55:03,-07:00,2025-04-25T22:55:03-07:00,0,36
global.js,91,js,86aa1fa2,Eri-gon2,2025-04-25,22:55:03,-07:00,2025-04-25T22:55:03-07:00,0,52
global.js,92,js,86aa1fa2,Eri-gon2,2025-04-25,22:55:03,-07:00,2025-04-25T22:55:03-07:00,0,35
global.js,93,js,86aa1fa2,Eri-gon2,2025-04-25,22:55:03,-07:00,2025-04-25T22:55:03-07:00,0,0
global.js,94,js,86aa1fa2,Eri-gon2,2025-04-25,22:55:03,-07:00,2025-04-25T22:55:03-07:00,0,14
global.js,95,js,86aa1fa2,Eri-gon2,2025-04-25,22:55:03,-07:00,2025-04-25T22:55:03-07:00,0,43
global.js,96,js,86aa1fa2,Eri-gon2,2025-04-25,22:55:03,-07:00,2025-04-25T22:55:03-07:00,0,25
global.js,97,js,86aa1fa2,Eri-gon2,2025-04-25,22:55:03,-07:00,2025-04-25T22:55:03-07:00,0,25
global.js,98,js,86aa1fa2,Eri-gon2,2025-04-25,22:55:03,-07:00,2025-04-25T22:55:03-07:00,0,0
global.js,99,js,86aa1fa2,Eri-gon2,2025-04-25,22:55:03,-07:00,2025-04-25T22:55:03-07:00,0,30
global.js,100,js,86aa1fa2,Eri-gon2,2025-04-25,22:55:03,-07:00,2025-04-25T22:55:03-07:00,0,47
global.js,101,js,86aa1fa2,Eri-gon2,2025-04-25,22:55:03,-07:00,2025-04-25T22:55:03-07:00,0,45
global.js,102,js,86aa1fa2,Eri-gon2,2025-04-25,22:55:03,-07:00,2025-04-25T22:55:03-07:00,0,0
global.js,103,js,86aa1fa2,Eri-gon2,2025-04-25,22:55:03,-07:00,2025-04-25T22:55:03-07:00,0,28
global.js,104,js,86aa1fa2,Eri-gon2,2025-04-25,22:55:03,-07:00,2025-04-25T22:55:03-07:00,0,28
global.js,105,js,86aa1fa2,Eri-gon2,2025-04-25,22:55:03,-07:00,2025-04-25T22:55:03-07:00,0,26
global.js,106,js,86aa1fa2,Eri-gon2,2025-04-25,22:55:03,-07:00,2025-04-25T22:55:03-07:00,0,32
global.js,107,js,764c64eb,Eri-gon2,2025-05-03,14:44:04,-07:00,2025-05-03T14:44:04-07:00,0,0
global.js,108,js,764c64eb,Eri-gon2,2025-05-03,14:44:04,-07:00,2025-05-03T14:44:04-07:00,0,40
global.js,109,js,764c64eb,Eri-gon2,2025-05-03,14:44:04,-07:00,2025-05-03T14:44:04-07:00,0,40
global.js,110,js,764c64eb,Eri-gon2,2025-05-03,14:44:04,-07:00,2025-05-03T14:44:04-07:00,0,42
global.js,111,js,764c64eb,Eri-gon2,2025-05-03,14:44:04,-07:00,2025-05-03T14:44:04-07:00,0,26
global.js,112,js,764c64eb,Eri-gon2,2025-05-03,14:44:04,-07:00,2025-05-03T14:44:04-07:00,0,25
global.js,113,js,86aa1fa2,Eri-gon2,2025-04-25,22:55:03,-07:00,2025-04-25T22:55:03-07:00,0,37
global.js,114,js,86aa1fa2,Eri-gon2,2025-04-25,22:55:03,-07:00,2025-04-25T22:55:03-07:00,0,2
global.js,115,js,86aa1fa2,Eri-gon2,2025-04-25,22:55:03,-07:00,2025-04-25T22:55:03-07:00,0,0
global.js,116,js,86aa1fa2,Eri-gon2,2025-04-25,22:55:03,-07:00,2025-04-25T22:55:03-07:00,0,0
global.js,117,js,86aa1fa2,Eri-gon2,2025-04-25,22:55:03,-07:00,2025-04-25T22:55:03-07:00,0,48
global.js,118,js,86aa1fa2,Eri-gon2,2025-04-25,22:55:03,-07:00,2025-04-25T22:55:03-07:00,0,23
global.js,119,js,86aa1fa2,Eri-gon2,2025-04-25,22:55:03,-07:00,2025-04-25T22:55:03-07:00,0,60
global.js,120,js,86aa1fa2,Eri-gon2,2025-04-25,22:55:03,-07:00,2025-04-25T22:55:03-07:00,0,0
projects\projects.js,1,js,86aa1fa2,Eri-gon2,2025-04-25,22:55:03,-07:00,2025-04-25T22:55:03-07:00,0,56
projects\projects.js,2,js,86aa1fa2,Eri-gon2,2025-04-25,22:55:03,-07:00,2025-04-25T22:55:03-07:00,0,56
projects\projects.js,3,js,86aa1fa2,Eri-gon2,2025-04-25,22:55:03,-07:00,2025-04-25T22:55:03-07:00,0,61
projects\projects.js,4,js,86aa1fa2,Eri-gon2,2025-04-25,22:55:03,-07:00,2025-04-25T22:55:03-07:00,0,49
projects\projects.js,5,js,764c64eb,Eri-gon2,2025-05-03,14:44:04,-07:00,2025-05-03T14:44:04-07:00,0,0
projects\projects.js,6,js,764c64eb,Eri-gon2,2025-05-03,14:44:04,-07:00,2025-05-03T14:44:04-07:00,0,64
projects\projects.js,7,js,764c64eb,Eri-gon2,2025-05-03,14:44:04,-07:00,2025-05-03T14:44:04-07:00,0,58
projects\projects.js,8,js,764c64eb,Eri-gon2,2025-05-03,14:44:04,-07:00,2025-05-03T14:44:04-07:00,0,48
projects\projects.js,9,js,764c64eb,Eri-gon2,2025-05-03,14:44:04,-07:00,2025-05-03T14:44:04-07:00,0,0
projects\projects.js,10,js,764c64eb,Eri-gon2,2025-05-03,14:44:04,-07:00,2025-05-03T14:44:04-07:00,0,38
projects\projects.js,11,js,764c64eb,Eri-gon2,2025-05-03,14:44:04,-07:00,2025-05-03T14:44:04-07:00,0,29
projects\projects.js,12,js,764c64eb,Eri-gon2,2025-05-03,14:44:04,-07:00,2025-05-03T14:44:04-07:00,0,13
projects\projects.js,13,js,764c64eb,Eri-gon2,2025-05-03,14:44:04,-07:00,2025-05-03T14:44:04-07:00,0,15
projects\projects.js,14,js,764c64eb,Eri-gon2,2025-05-03,14:44:04,-07:00,2025-05-03T14:44:04-07:00,0,13
projects\projects.js,15,js,764c64eb,Eri-gon2,2025-05-03,14:44:04,-07:00,2025-05-03T14:44:04-07:00,0,1
projects\projects.js,16,js,764c64eb,Eri-gon2,2025-05-03,14:44:04,-07:00,2025-05-03T14:44:04-07:00,0,59
projects\projects.js,17,js,764c64eb,Eri-gon2,2025-05-03,14:44:04,-07:00,2025-05-03T14:44:04-07:00,0,36
projects\projects.js,18,js,764c64eb,Eri-gon2,2025-05-03,14:44:04,-07:00,2025-05-03T14:44:04-07:00,0,2
projects\projects.js,19,js,764c64eb,Eri-gon2,2025-05-03,14:44:04,-07:00,2025-05-03T14:44:04-07:00,0,54
projects\projects.js,20,js,764c64eb,Eri-gon2,2025-05-03,14:44:04,-07:00,2025-05-03T14:44:04-07:00,0,43
projects\projects.js,21,js,764c64eb,Eri-gon2,2025-05-03,14:44:04,-07:00,2025-05-03T14:44:04-07:00,0,52
projects\projects.js,22,js,764c64eb,Eri-gon2,2025-05-03,14:44:04,-07:00,2025-05-03T14:44:04-07:00,0,25
projects\projects.js,23,js,764c64eb,Eri-gon2,2025-05-03,14:44:04,-07:00,2025-05-03T14:44:04-07:00,0,43
projects\projects.js,24,js,764c64eb,Eri-gon2,2025-05-03,14:44:04,-07:00,2025-05-03T14:44:04-07:00,0,27
projects\projects.js,25,js,764c64eb,Eri-gon2,2025-05-03,14:44:04,-07:00,2025-05-03T14:44:04-07:00,0,45
projects\projects.js,26,js,764c64eb,Eri-gon2,2025-05-03,14:44:04,-07:00,2025-05-03T14:44:04-07:00,0,28
projects\projects.js,27,js,764c64eb,Eri-gon2,2025-05-03,14:44:04,-07:00,2025-05-03T14:44:04-07:00,0,30
projects\projects.js,28,js,764c64eb,Eri-gon2,2025-05-03,14:44:04,-07:00,2025-05-03T14:44:04-07:00,0,15
projects\projects.js,29,js,764c64eb,Eri-gon2,2025-05-03,14:44:04,-07:00,2025-05-03T14:44:04-07:00,0,14
projects\projects.js,30,js,764c64eb,Eri-gon2,2025-05-03,14:44:04,-07:00,2025-05-03T14:44:04-07:00,0,14
projects\projects.js,31,js,764c64eb,Eri-gon2,2025-05-03,14:44:04,-07:00,2025-05-03T14:44:04-07:00,0,25
projects\projects.js,32,js,764c64eb,Eri-gon2,2025-05-03,14:44:04,-07:00,2025-05-03T14:44:04-07:00,0,2
projects\projects.js,33,js,764c64eb,Eri-gon2,2025-05-03,14:44:04,-07:00,2025-05-03T14:44:04-07:00,0,0
projects\projects.js,34,js,764c64eb,Eri-gon2,2025-05-03,14:44:04,-07:00,2025-05-03T14:44:04-07:00,0,33
projects\projects.js,35,js,764c64eb,Eri-gon2,2025-05-03,14:44:04,-07:00,2025-05-03T14:44:04-07:00,0,28
projects\projects.js,36,js,764c64eb,Eri-gon2,2025-05-03,14:44:04,-07:00,2025-05-03T14:44:04-07:00,0,5
projects\projects.js,37,js,764c64eb,Eri-gon2,2025-05-03,14:44:04,-07:00,2025-05-03T14:44:04-07:00,0,12
projects\projects.js,38,js,764c64eb,Eri-gon2,2025-05-03,14:44:04,-07:00,2025-05-03T14:44:04-07:00,0,94
projects\projects.js,39,js,764c64eb,Eri-gon2,2025-05-03,14:44:04,-07:00,2025-05-03T14:44:04-07:00,0,100
projects\projects.js,40,js,764c64eb,Eri-gon2,2025-05-03,14:44:04,-07:00,2025-05-03T14:44:04-07:00,0,2
projects\projects.js,41,js,764c64eb,Eri-gon2,2025-05-03,14:44:04,-07:00,2025-05-03T14:44:04-07:00,0,22
projects\projects.js,42,js,764c64eb,Eri-gon2,2025-05-03,14:44:04,-07:00,2025-05-03T14:44:04-07:00,0,26
projects\projects.js,43,js,764c64eb,Eri-gon2,2025-05-03,14:44:04,-07:00,2025-05-03T14:44:04-07:00,0,30
projects\projects.js,44,js,764c64eb,Eri-gon2,2025-05-03,14:44:04,-07:00,2025-05-03T14:44:04-07:00,0,28
projects\projects.js,45,js,764c64eb,Eri-gon2,2025-05-03,14:44:04,-07:00,2025-05-03T14:44:04-07:00,0,2
projects\projects.js,46,js,764c64eb,Eri-gon2,2025-05-03,14:44:04,-07:00,2025-05-03T14:44:04-07:00,0,14
projects\projects.js,47,js,764c64eb,Eri-gon2,2025-05-03,14:44:04,-07:00,2025-05-03T14:44:04-07:00,0,14
projects\projects.js,48,js,764c64eb,Eri-gon2,2025-05-03,14:44:04,-07:00,2025-05-03T14:44:04-07:00,0,23
projects\projects.js,49,js,764c64eb,Eri-gon2,2025-05-03,14:44:04,-07:00,2025-05-03T14:44:04-07:00,0,19
projects\projects.js,50,js,764c64eb,Eri-gon2,2025-05-03,14:44:04,-07:00,2025-05-03T14:44:04-07:00,0,44
projects\projects.js,51,js,764c64eb,Eri-gon2,2025-05-03,14:44:04,-07:00,2025-05-03T14:44:04-07:00,0,2
projects\projects.js,52,js,764c64eb,Eri-gon2,2025-05-03,14:44:04,-07:00,2025-05-03T14:44:04-07:00,0,17
projects\projects.js,53,js,764c64eb,Eri-gon2,2025-05-03,14:44:04,-07:00,2025-05-03T14:44:04-07:00,0,27
projects\projects.js,54,js,764c64eb,Eri-gon2,2025-05-03,14:44:04,-07:00,2025-05-03T14:44:04-07:00,0,63
projects\projects.js,55,js,764c64eb,Eri-gon2,2025-05-03,14:44:04,-07:00,2025-05-03T14:44:04-07:00,0,38
projects\projects.js,56,js,764c64eb,Eri-gon2,2025-05-03,14:44:04,-07:00,2025-05-03T14:44:04-07:00,0,1
projects\projects.js,57,js,764c64eb,Eri-gon2,2025-05-03,14:44:04,-07:00,2025-05-03T14:44:04-07:00,0,5
projects\projects.js,58,js,764c64eb,Eri-gon2,2025-05-03,14:44:04,-07:00,2025-05-03T14:44:04-07:00,0,15
projects\projects.js,59,js,764c64eb,Eri-gon2,2025-05-03,14:44:04,-07:00,2025-05-03T14:44:04-07:00,0,27
projects\projects.js,60,js,764c64eb,Eri-gon2,2025-05-03,14:44:04,-07:00,2025-05-03T14:44:04-07:00,0,63
projects\projects.js,61,js,764c64eb,Eri-gon2,2025-05-03,14:44:04,-07:00,2025-05-03T14:44:04-07:00,0,38
projects\projects.js,62,js,764c64eb,Eri-gon2,2025-05-03,14:44:04,-07:00,2025-05-03T14:44:04-07:00,0,2
projects\projects.js,63,js,764c64eb,Eri-gon2,2025-05-03,14:44:04,-07:00,2025-05-03T14:44:04-07:00,0,0
projects\projects.js,64,js,764c64eb,Eri-gon2,2025-05-03,14:44:04,-07:00,2025-05-03T14:44:04-07:00,0,26
projects\projects.js,65,js,764c64eb,Eri-gon2,2025-05-03,14:44:04,-07:00,2025-05-03T14:44:04-07:00,0,49
projects\projects.js,66,js,764c64eb,Eri-gon2,2025-05-03,14:44:04,-07:00,2025-05-03T14:44:04-07:00,0,7
projects\projects.js,67,js,764c64eb,Eri-gon2,2025-05-03,14:44:04,-07:00,2025-05-03T14:44:04-07:00,0,49
projects\projects.js,68,js,764c64eb,Eri-gon2,2025-05-03,14:44:04,-07:00,2025-05-03T14:44:04-07:00,0,62
projects\projects.js,69,js,764c64eb,Eri-gon2,2025-05-03,14:44:04,-07:00,2025-05-03T14:44:04-07:00,0,49
projects\projects.js,70,js,764c64eb,Eri-gon2,2025-05-03,14:44:04,-07:00,2025-05-03T14:44:04-07:00,0,0
projects\projects.js,71,js,764c64eb,Eri-gon2,2025-05-03,14:44:04,-07:00,2025-05-03T14:44:04-07:00,0,1
projects\projects.js,72,js,764c64eb,Eri-gon2,2025-05-03,14:44:04,-07:00,2025-05-03T14:44:04-07:00,0,0
projects\projects.js,73,js,764c64eb,Eri-gon2,2025-05-03,14:44:04,-07:00,2025-05-03T14:44:04-07:00,0,1
projects\projects.js,74,js,764c64eb,Eri-gon2,2025-05-03,14:44:04,-07:00,2025-05-03T14:44:04-07:00,0,0
projects\projects.js,75,js,764c64eb,Eri-gon2,2025-05-03,14:44:04,-07:00,2025-05-03T14:44:04-07:00,0,0
projects\projects.js,76,js,764c64eb,Eri-gon2,2025-05-03,14:44:04,-07:00,2025-05-03T14:44:04-07:00,0,0
projects\projects.js,77,js,764c64eb,Eri-gon2,2025-05-03,14:44:04,-07:00,2025-05-03T14:44:04-07:00,0,0
projects\projects.js,78,js,764c64eb,Eri-gon2,2025-05-03,14:44:04,-07:00,2025-05-03T14:44:04-07:00,0,24
projects\projects.js,79,js,764c64eb,Eri-gon2,2025-05-03,14:44:04,-07:00,2025-05-03T14:44:04-07:00,0,0
projects\projects.js,80,js,764c64eb,Eri-gon2,2025-05-03,14:44:04,-07:00,2025-05-03T14:44:04-07:00,0,14
projects\projects.js,81,js,764c64eb,Eri-gon2,2025-05-03,14:44:04,-07:00,2025-05-03T14:44:04-07:00,0,54
projects\projects.js,82,js,764c64eb,Eri-gon2,2025-05-03,14:44:04,-07:00,2025-05-03T14:44:04-07:00,0,0
projects\projects.js,83,js,764c64eb,Eri-gon2,2025-05-03,14:44:04,-07:00,2025-05-03T14:44:04-07:00,0,49
projects\projects.js,84,js,764c64eb,Eri-gon2,2025-05-03,14:44:04,-07:00,2025-05-03T14:44:04-07:00,0,20
projects\projects.js,85,js,764c64eb,Eri-gon2,2025-05-03,14:44:04,-07:00,2025-05-03T14:44:04-07:00,0,26
projects\projects.js,86,js,764c64eb,Eri-gon2,2025-05-03,14:44:04,-07:00,2025-05-03T14:44:04-07:00,0,17
projects\projects.js,87,js,764c64eb,Eri-gon2,2025-05-03,14:44:04,-07:00,2025-05-03T14:44:04-07:00,0,52
projects\projects.js,88,js,764c64eb,Eri-gon2,2025-05-03,14:44:04,-07:00,2025-05-03T14:44:04-07:00,0,60
projects\projects.js,89,js,764c64eb,Eri-gon2,2025-05-03,14:44:04,-07:00,2025-05-03T14:44:04-07:00,0,43
projects\projects.js,90,js,764c64eb,Eri-gon2,2025-05-03,14:44:04,-07:00,2025-05-03T14:44:04-07:00,0,2
projects\projects.js,91,js,764c64eb,Eri-gon2,2025-05-03,14:44:04,-07:00,2025-05-03T14:44:04-07:00,0,26
projects\projects.js,92,js,764c64eb,Eri-gon2,2025-05-03,14:44:04,-07:00,2025-05-03T14:44:04-07:00,0,57
projects\projects.js,93,js,764c64eb,Eri-gon2,2025-05-03,14:44:04,-07:00,2025-05-03T14:44:04-07:00,0,0
projects\projects.js,94,js,764c64eb,Eri-gon2,2025-05-03,14:44:04,-07:00,2025-05-03T14:44:04-07:00,0,18
projects\projects.js,95,js,764c64eb,Eri-gon2,2025-05-03,14:44:04,-07:00,2025-05-03T14:44:04-07:00,0,32
projects\projects.js,96,js,764c64eb,Eri-gon2,2025-05-03,14:44:04,-07:00,2025-05-03T14:44:04-07:00,0,2
projects\project2_report.html,1,html,f7a0a183,Eri-gon2,2025-04-29,23:20:44,-07:00,2025-04-29T23:20:44-07:00,0,14
projects\project2_report.html,2,html,f7a0a183,Eri-gon2,2025-04-29,23:20:44,-07:00,2025-04-29T23:20:44-07:00,0,15
projects\project2_report.html,3,html,f7a0a183,Eri-gon2,2025-04-29,23:20:44,-07:00,2025-04-29T23:20:44-07:00,0,5
projects\project2_report.html,4,html,f7a0a183,Eri-gon2,2025-04-29,23:20:44,-07:00,2025-04-29T23:20:44-07:00,0,30
projects\project2_report.html,5,html,f7a0a183,Eri-gon2,2025-04-29,23:20:44,-07:00,2025-04-29T23:20:44-07:00,0,6
projects\project2_report.html,6,html,f7a0a183,Eri-gon2,2025-04-29,23:20:44,-07:00,2025-04-29T23:20:44-07:00,0,6
projects\project2_report.html,7,html,f7a0a183,Eri-gon2,2025-04-29,23:20:44,-07:00,2025-04-29T23:20:44-07:00,0,36
projects\project2_report.html,8,html,f7a0a183,Eri-gon2,2025-04-29,23:20:44,-07:00,2025-04-29T23:20:44-07:00,0,36
projects\project2_report.html,9,html,f7a0a183,Eri-gon2,2025-04-29,23:20:44,-07:00,2025-04-29T23:20:44-07:00,0,36
projects\project2_report.html,10,html,f7a0a183,Eri-gon2,2025-04-29,23:20:44,-07:00,2025-04-29T23:20:44-07:00,0,36
projects\project2_report.html,11,html,f7a0a183,Eri-gon2,2025-04-29,23:20:44,-07:00,2025-04-29T23:20:44-07:00,0,36
projects\project2_report.html,12,html,f7a0a183,Eri-gon2,2025-04-29,23:20:44,-07:00,2025-04-29T23:20:44-07:00,0,36
projects\project2_report.html,13,html,f7a0a183,Eri-gon2,2025-04-29,23:20:44,-07:00,2025-04-29T23:20:44-07:00,0,36
projects\project2_report.html,14,html,f7a0a183,Eri-gon2,2025-04-29,23:20:44,-07:00,2025-04-29T23:20:44-07:00,0,36
projects\project2_report.html,15,html,f7a0a183,Eri-gon2,2025-04-29,23:20:44,-07:00,2025-04-29T23:20:44-07:00,0,36
projects\project2_report.html,16,html,f7a0a183,Eri-gon2,2025-04-29,23:20:44,-07:00,2025-04-29T23:20:44-07:00,0,36
projects\project2_report.html,17,html,f7a0a183,Eri-gon2,2025-04-29,23:20:44,-07:00,2025-04-29T23:20:44-07:00,0,0
projects\project2_report.html,18,html,f7a0a183,Eri-gon2,2025-04-29,23:20:44,-07:00,2025-04-29T23:20:44-07:00,0,0
projects\project2_report.html,19,html,f7a0a183,Eri-gon2,2025-04-29,23:20:44,-07:00,2025-04-29T23:20:44-07:00,0,5
projects\project2_report.html,20,html,f7a0a183,Eri-gon2,2025-04-29,23:20:44,-07:00,2025-04-29T23:20:44-07:00,0,24
projects\project2_report.html,21,html,f7a0a183,Eri-gon2,2025-04-29,23:20:44,-07:00,2025-04-29T23:20:44-07:00,0,21
projects\project2_report.html,22,html,f7a0a183,Eri-gon2,2025-04-29,23:20:44,-07:00,2025-04-29T23:20:44-07:00,0,35
projects\project2_report.html,23,html,f7a0a183,Eri-gon2,2025-04-29,23:20:44,-07:00,2025-04-29T23:20:44-07:00,0,26
projects\project2_report.html,24,html,f7a0a183,Eri-gon2,2025-04-29,23:20:44,-07:00,2025-04-29T23:20:44-07:00,0,14
projects\project2_report.html,25,html,f7a0a183,Eri-gon2,2025-04-29,23:20:44,-07:00,2025-04-29T23:20:44-07:00,0,0
projects\project2_report.html,26,html,f7a0a183,Eri-gon2,2025-04-29,23:20:44,-07:00,2025-04-29T23:20:44-07:00,0,0
projects\project2_report.html,27,html,f7a0a183,Eri-gon2,2025-04-29,23:20:44,-07:00,2025-04-29T23:20:44-07:00,0,13
projects\project2_report.html,28,html,f7a0a183,Eri-gon2,2025-04-29,23:20:44,-07:00,2025-04-29T23:20:44-07:00,0,0
projects\project2_report.html,29,html,f7a0a183,Eri-gon2,2025-04-29,23:20:44,-07:00,2025-04-29T23:20:44-07:00,0,2
projects\project2_report.html,30,html,f7a0a183,Eri-gon2,2025-04-29,23:20:44,-07:00,2025-04-29T23:20:44-07:00,0,2
projects\project2_report.html,31,html,f7a0a183,Eri-gon2,2025-04-29,23:20:44,-07:00,2025-04-29T23:20:44-07:00,0,2
projects\project2_report.html,32,html,f7a0a183,Eri-gon2,2025-04-29,23:20:44,-07:00,2025-04-29T23:20:44-07:00,0,2
projects\project2_report.html,33,html,f7a0a183,Eri-gon2,2025-04-29,23:20:44,-07:00,2025-04-29T23:20:44-07:00,0,2
projects\project2_report.html,34,html,f7a0a183,Eri-gon2,2025-04-29,23:20:44,-07:00,2025-04-29T23:20:44-07:00,0,3
projects\project2_report.html,35,html,f7a0a183,Eri-gon2,2025-04-29,23:20:44,-07:00,2025-04-29T23:20:44-07:00,0,16
projects\project2_report.html,36,html,f7a0a183,Eri-gon2,2025-04-29,23:20:44,-07:00,2025-04-29T23:20:44-07:00,0,16
projects\project2_report.html,37,html,f7a0a183,Eri-gon2,2025-04-29,23:20:44,-07:00,2025-04-29T23:20:44-07:00,0,18
projects\project2_report.html,38,html,f7a0a183,Eri-gon2,2025-04-29,23:20:44,-07:00,2025-04-29T23:20:44-07:00,0,0
projects\project2_report.html,39,html,f7a0a183,Eri-gon2,2025-04-29,23:20:44,-07:00,2025-04-29T23:20:44-07:00,0,0
projects\project2_report.html,40,html,f7a0a183,Eri-gon2,2025-04-29,23:20:44,-07:00,2025-04-29T23:20:44-07:00,0,2
projects\project2_report.html,41,html,f7a0a183,Eri-gon2,2025-04-29,23:20:44,-07:00,2025-04-29T23:20:44-07:00,0,3
projects\project2_report.html,42,html,f7a0a183,Eri-gon2,2025-04-29,23:20:44,-07:00,2025-04-29T23:20:44-07:00,0,48
projects\project2_report.html,43,html,f7a0a183,Eri-gon2,2025-04-29,23:20:44,-07:00,2025-04-29T23:20:44-07:00,0,21
projects\project2_report.html,44,html,f7a0a183,Eri-gon2,2025-04-29,23:20:44,-07:00,2025-04-29T23:20:44-07:00,0,0
projects\project2_report.html,45,html,f7a0a183,Eri-gon2,2025-04-29,23:20:44,-07:00,2025-04-29T23:20:44-07:00,0,0
projects\project2_report.html,46,html,f7a0a183,Eri-gon2,2025-04-29,23:20:44,-07:00,2025-04-29T23:20:44-07:00,0,3
projects\project2_report.html,47,html,f7a0a183,Eri-gon2,2025-04-29,23:20:44,-07:00,2025-04-29T23:20:44-07:00,0,24
projects\project2_report.html,48,html,f7a0a183,Eri-gon2,2025-04-29,23:20:44,-07:00,2025-04-29T23:20:44-07:00,0,49
projects\project2_report.html,49,html,f7a0a183,Eri-gon2,2025-04-29,23:20:44,-07:00,2025-04-29T23:20:44-07:00,0,16
projects\project2_report.html,50,html,f7a0a183,Eri-gon2,2025-04-29,23:20:44,-07:00,2025-04-29T23:20:44-07:00,0,0
projects\project2_report.html,51,html,f7a0a183,Eri-gon2,2025-04-29,23:20:44,-07:00,2025-04-29T23:20:44-07:00,0,6
projects\project2_report.html,52,html,f7a0a183,Eri-gon2,2025-04-29,23:20:44,-07:00,2025-04-29T23:20:44-07:00,0,14
projects\project2_report.html,53,html,f7a0a183,Eri-gon2,2025-04-29,23:20:44,-07:00,2025-04-29T23:20:44-07:00,0,18
projects\project2_report.html,54,html,f7a0a183,Eri-gon2,2025-04-29,23:20:44,-07:00,2025-04-29T23:20:44-07:00,0,20
projects\project2_report.html,55,html,f7a0a183,Eri-gon2,2025-04-29,23:20:44,-07:00,2025-04-29T23:20:44-07:00,0,19
projects\project2_report.html,56,html,f7a0a183,Eri-gon2,2025-04-29,23:20:44,-07:00,2025-04-29T23:20:44-07:00,0,12
projects\project2_report.html,57,html,f7a0a183,Eri-gon2,2025-04-29,23:20:44,-07:00,2025-04-29T23:20:44-07:00,0,35
projects\project2_report.html,58,html,f7a0a183,Eri-gon2,2025-04-29,23:20:44,-07:00,2025-04-29T23:20:44-07:00,0,14
projects\project2_report.html,59,html,f7a0a183,Eri-gon2,2025-04-29,23:20:44,-07:00,2025-04-29T23:20:44-07:00,0,25
projects\project2_report.html,60,html,f7a0a183,Eri-gon2,2025-04-29,23:20:44,-07:00,2025-04-29T23:20:44-07:00,0,19
projects\project2_report.html,61,html,f7a0a183,Eri-gon2,2025-04-29,23:20:44,-07:00,2025-04-29T23:20:44-07:00,0,0
projects\project2_report.html,62,html,f7a0a183,Eri-gon2,2025-04-29,23:20:44,-07:00,2025-04-29T23:20:44-07:00,0,0
projects\project2_report.html,63,html,f7a0a183,Eri-gon2,2025-04-29,23:20:44,-07:00,2025-04-29T23:20:44-07:00,0,0
projects\project2_report.html,64,html,f7a0a183,Eri-gon2,2025-04-29,23:20:44,-07:00,2025-04-29T23:20:44-07:00,0,3
projects\project2_report.html,65,html,f7a0a183,Eri-gon2,2025-04-29,23:20:44,-07:00,2025-04-29T23:20:44-07:00,0,15
projects\project2_report.html,66,html,f7a0a183,Eri-gon2,2025-04-29,23:20:44,-07:00,2025-04-29T23:20:44-07:00,0,30
projects\project2_report.html,67,html,f7a0a183,Eri-gon2,2025-04-29,23:20:44,-07:00,2025-04-29T23:20:44-07:00,0,0
projects\project2_report.html,68,html,f7a0a183,Eri-gon2,2025-04-29,23:20:44,-07:00,2025-04-29T23:20:44-07:00,0,0
projects\project2_report.html,69,html,f7a0a183,Eri-gon2,2025-04-29,23:20:44,-07:00,2025-04-29T23:20:44-07:00,0,3
projects\project2_report.html,70,html,f7a0a183,Eri-gon2,2025-04-29,23:20:44,-07:00,2025-04-29T23:20:44-07:00,0,15
projects\project2_report.html,71,html,f7a0a183,Eri-gon2,2025-04-29,23:20:44,-07:00,2025-04-29T23:20:44-07:00,0,0
projects\project2_report.html,72,html,f7a0a183,Eri-gon2,2025-04-29,23:20:44,-07:00,2025-04-29T23:20:44-07:00,0,0
projects\project2_report.html,73,html,f7a0a183,Eri-gon2,2025-04-29,23:20:44,-07:00,2025-04-29T23:20:44-07:00,0,10
projects\project2_report.html,74,html,f7a0a183,Eri-gon2,2025-04-29,23:20:44,-07:00,2025-04-29T23:20:44-07:00,0,0
projects\project2_report.html,75,html,f7a0a183,Eri-gon2,2025-04-29,23:20:44,-07:00,2025-04-29T23:20:44-07:00,0,2
projects\project2_report.html,76,html,f7a0a183,Eri-gon2,2025-04-29,23:20:44,-07:00,2025-04-29T23:20:44-07:00,0,3
projects\project2_report.html,77,html,f7a0a183,Eri-gon2,2025-04-29,23:20:44,-07:00,2025-04-29T23:20:44-07:00,0,25
projects\project2_report.html,78,html,f7a0a183,Eri-gon2,2025-04-29,23:20:44,-07:00,2025-04-29T23:20:44-07:00,0,0
projects\project2_report.html,79,html,f7a0a183,Eri-gon2,2025-04-29,23:20:44,-07:00,2025-04-29T23:20:44-07:00,0,0
projects\project2_report.html,80,html,f7a0a183,Eri-gon2,2025-04-29,23:20:44,-07:00,2025-04-29T23:20:44-07:00,0,3
projects\project2_report.html,81,html,f7a0a183,Eri-gon2,2025-04-29,23:20:44,-07:00,2025-04-29T23:20:44-07:00,0,10
projects\project2_report.html,82,html,f7a0a183,Eri-gon2,2025-04-29,23:20:44,-07:00,2025-04-29T23:20:44-07:00,0,30
projects\project2_report.html,83,html,f7a0a183,Eri-gon2,2025-04-29,23:20:44,-07:00,2025-04-29T23:20:44-07:00,0,0
projects\project2_report.html,84,html,f7a0a183,Eri-gon2,2025-04-29,23:20:44,-07:00,2025-04-29T23:20:44-07:00,0,0
projects\project2_report.html,85,html,f7a0a183,Eri-gon2,2025-04-29,23:20:44,-07:00,2025-04-29T23:20:44-07:00,0,5
projects\project2_report.html,86,html,f7a0a183,Eri-gon2,2025-04-29,23:20:44,-07:00,2025-04-29T23:20:44-07:00,0,17
projects\project2_report.html,87,html,f7a0a183,Eri-gon2,2025-04-29,23:20:44,-07:00,2025-04-29T23:20:44-07:00,0,0
projects\project2_report.html,88,html,f7a0a183,Eri-gon2,2025-04-29,23:20:44,-07:00,2025-04-29T23:20:44-07:00,0,0
projects\project2_report.html,89,html,f7a0a183,Eri-gon2,2025-04-29,23:20:44,-07:00,2025-04-29T23:20:44-07:00,0,0
projects\project2_report.html,90,html,f7a0a183,Eri-gon2,2025-04-29,23:20:44,-07:00,2025-04-29T23:20:44-07:00,0,24
projects\project2_report.html,91,html,f7a0a183,Eri-gon2,2025-04-29,23:20:44,-07:00,2025-04-29T23:20:44-07:00,0,0
projects\project2_report.html,92,html,f7a0a183,Eri-gon2,2025-04-29,23:20:44,-07:00,2025-04-29T23:20:44-07:00,0,7
projects\project2_report.html,93,html,f7a0a183,Eri-gon2,2025-04-29,23:20:44,-07:00,2025-04-29T23:20:44-07:00,0,18
projects\project2_report.html,94,html,f7a0a183,Eri-gon2,2025-04-29,23:20:44,-07:00,2025-04-29T23:20:44-07:00,0,18
projects\project2_report.html,95,html,f7a0a183,Eri-gon2,2025-04-29,23:20:44,-07:00,2025-04-29T23:20:44-07:00,0,0
projects\project2_report.html,96,html,f7a0a183,Eri-gon2,2025-04-29,23:20:44,-07:00,2025-04-29T23:20:44-07:00,0,0
projects\project2_report.html,97,html,f7a0a183,Eri-gon2,2025-04-29,23:20:44,-07:00,2025-04-29T23:20:44-07:00,0,5
projects\project2_report.html,98,html,f7a0a183,Eri-gon2,2025-04-29,23:20:44,-07:00,2025-04-29T23:20:44-07:00,0,17
projects\project2_report.html,99,html,f7a0a183,Eri-gon2,2025-04-29,23:20:44,-07:00,2025-04-29T23:20:44-07:00,0,30
projects\project2_report.html,100,html,f7a0a183,Eri-gon2,2025-04-29,23:20:44,-07:00,2025-04-29T23:20:44-07:00,0,19
projects\project2_report.html,101,html,f7a0a183,Eri-gon2,2025-04-29,23:20:44,-07:00,2025-04-29T23:20:44-07:00,0,20
projects\project2_report.html,102,html,f7a0a183,Eri-gon2,2025-04-29,23:20:44,-07:00,2025-04-29T23:20:44-07:00,0,0
projects\project2_report.html,103,html,f7a0a183,Eri-gon2,2025-04-29,23:20:44,-07:00,2025-04-29T23:20:44-07:00,0,0
projects\project2_report.html,104,html,f7a0a183,Eri-gon2,2025-04-29,23:20:44,-07:00,2025-04-29T23:20:44-07:00,0,12
projects\project2_report.html,105,html,f7a0a183,Eri-gon2,2025-04-29,23:20:44,-07:00,2025-04-29T23:20:44-07:00,0,0
projects\project2_report.html,106,html,f7a0a183,Eri-gon2,2025-04-29,23:20:44,-07:00,2025-04-29T23:20:44-07:00,0,7
projects\project2_report.html,107,html,f7a0a183,Eri-gon2,2025-04-29,23:20:44,-07:00,2025-04-29T23:20:44-07:00,0,13
projects\project2_report.html,108,html,f7a0a183,Eri-gon2,2025-04-29,23:20:44,-07:00,2025-04-29T23:20:44-07:00,0,15
projects\project2_report.html,109,html,f7a0a183,Eri-gon2,2025-04-29,23:20:44,-07:00,2025-04-29T23:20:44-07:00,0,21
projects\project2_report.html,110,html,f7a0a183,Eri-gon2,2025-04-29,23:20:44,-07:00,2025-04-29T23:20:44-07:00,0,41
projects\project2_report.html,111,html,f7a0a183,Eri-gon2,2025-04-29,23:20:44,-07:00,2025-04-29T23:20:44-07:00,0,49
projects\project2_report.html,112,html,f7a0a183,Eri-gon2,2025-04-29,23:20:44,-07:00,2025-04-29T23:20:44-07:00,0,18
projects\project2_report.html,113,html,f7a0a183,Eri-gon2,2025-04-29,23:20:44,-07:00,2025-04-29T23:20:44-07:00,0,17
projects\project2_report.html,114,html,f7a0a183,Eri-gon2,2025-04-29,23:20:44,-07:00,2025-04-29T23:20:44-07:00,0,0
projects\project2_report.html,115,html,f7a0a183,Eri-gon2,2025-04-29,23:20:44,-07:00,2025-04-29T23:20:44-07:00,0,13
projects\project2_report.html,116,html,f7a0a183,Eri-gon2,2025-04-29,23:20:44,-07:00,2025-04-29T23:20:44-07:00,0,30
projects\project2_report.html,117,html,f7a0a183,Eri-gon2,2025-04-29,23:20:44,-07:00,2025-04-29T23:20:44-07:00,0,35
projects\project2_report.html,118,html,f7a0a183,Eri-gon2,2025-04-29,23:20:44,-07:00,2025-04-29T23:20:44-07:00,0,15
projects\project2_report.html,119,html,f7a0a183,Eri-gon2,2025-04-29,23:20:44,-07:00,2025-04-29T23:20:44-07:00,0,15
projects\project2_report.html,120,html,f7a0a183,Eri-gon2,2025-04-29,23:20:44,-07:00,2025-04-29T23:20:44-07:00,0,18
projects\project2_report.html,121,html,f7a0a183,Eri-gon2,2025-04-29,23:20:44,-07:00,2025-04-29T23:20:44-07:00,0,25
projects\project2_report.html,122,html,f7a0a183,Eri-gon2,2025-04-29,23:20:44,-07:00,2025-04-29T23:20:44-07:00,0,16
projects\project2_report.html,123,html,f7a0a183,Eri-gon2,2025-04-29,23:20:44,-07:00,2025-04-29T23:20:44-07:00,0,0
projects\project2_report.html,124,html,f7a0a183,Eri-gon2,2025-04-29,23:20:44,-07:00,2025-04-29T23:20:44-07:00,0,10
projects\project2_report.html,125,html,f7a0a183,Eri-gon2,2025-04-29,23:20:44,-07:00,2025-04-29T23:20:44-07:00,0,39
projects\project2_report.html,126,html,f7a0a183,Eri-gon2,2025-04-29,23:20:44,-07:00,2025-04-29T23:20:44-07:00,0,17
projects\project2_report.html,127,html,f7a0a183,Eri-gon2,2025-04-29,23:20:44,-07:00,2025-04-29T23:20:44-07:00,0,30
projects\project2_report.html,128,html,f7a0a183,Eri-gon2,2025-04-29,23:20:44,-07:00,2025-04-29T23:20:44-07:00,0,0
projects\project2_report.html,129,html,f7a0a183,Eri-gon2,2025-04-29,23:20:44,-07:00,2025-04-29T23:20:44-07:00,0,0
projects\project2_report.html,130,html,f7a0a183,Eri-gon2,2025-04-29,23:20:44,-07:00,2025-04-29T23:20:44-07:00,0,31
projects\project2_report.html,131,html,f7a0a183,Eri-gon2,2025-04-29,23:20:44,-07:00,2025-04-29T23:20:44-07:00,0,14
projects\project2_report.html,132,html,f7a0a183,Eri-gon2,2025-04-29,23:20:44,-07:00,2025-04-29T23:20:44-07:00,0,26
projects\project2_report.html,133,html,f7a0a183,Eri-gon2,2025-04-29,23:20:44,-07:00,2025-04-29T23:20:44-07:00,0,32
projects\project2_report.html,134,html,f7a0a183,Eri-gon2,2025-04-29,23:20:44,-07:00,2025-04-29T23:20:44-07:00,0,6
projects\project2_report.html,135,html,f7a0a183,Eri-gon2,2025-04-29,23:20:44,-07:00,2025-04-29T23:20:44-07:00,0,12
projects\project2_report.html,136,html,f7a0a183,Eri-gon2,2025-04-29,23:20:44,-07:00,2025-04-29T23:20:44-07:00,0,14
projects\project2_report.html,137,html,f7a0a183,Eri-gon2,2025-04-29,23:20:44,-07:00,2025-04-29T23:20:44-07:00,0,1
projects\project2_report.html,138,html,f7a0a183,Eri-gon2,2025-04-29,23:20:44,-07:00,2025-04-29T23:20:44-07:00,0,0
projects\project2_report.html,139,html,f7a0a183,Eri-gon2,2025-04-29,23:20:44,-07:00,2025-04-29T23:20:44-07:00,0,0
projects\project2_report.html,140,html,f7a0a183,Eri-gon2,2025-04-29,23:20:44,-07:00,2025-04-29T23:20:44-07:00,0,0
projects\project2_report.html,141,html,f7a0a183,Eri-gon2,2025-04-29,23:20:44,-07:00,2025-04-29T23:20:44-07:00,0,7
projects\project2_report.html,142,html,f7a0a183,Eri-gon2,2025-04-29,23:20:44,-07:00,2025-04-29T23:20:44-07:00,0,6
projects\project2_report.html,143,html,f7a0a183,Eri-gon2,2025-04-29,23:20:44,-07:00,2025-04-29T23:20:44-07:00,0,0
projects\project2_report.html,144,html,f7a0a183,Eri-gon2,2025-04-29,23:20:44,-07:00,2025-04-29T23:20:44-07:00,0,5
projects\project2_report.html,145,html,f7a0a183,Eri-gon2,2025-04-29,23:20:44,-07:00,2025-04-29T23:20:44-07:00,0,7
projects\project2_report.html,146,html,f7a0a183,Eri-gon2,2025-04-29,23:20:44,-07:00,2025-04-29T23:20:44-07:00,0,3
projects\project2_report.html,147,html,f7a0a183,Eri-gon2,2025-04-29,23:20:44,-07:00,2025-04-29T23:20:44-07:00,0,23
projects\project2_report.html,148,html,f7a0a183,Eri-gon2,2025-04-29,23:20:44,-07:00,2025-04-29T23:20:44-07:00,0,37
projects\project2_report.html,149,html,f7a0a183,Eri-gon2,2025-04-29,23:20:44,-07:00,2025-04-29T23:20:44-07:00,0,4
projects\project2_report.html,150,html,f7a0a183,Eri-gon2,2025-04-29,23:20:44,-07:00,2025-04-29T23:20:44-07:00,0,0
projects\project2_report.html,151,html,f7a0a183,Eri-gon2,2025-04-29,23:20:44,-07:00,2025-04-29T23:20:44-07:00,0,57
projects\project2_report.html,152,html,f7a0a183,Eri-gon2,2025-04-29,23:20:44,-07:00,2025-04-29T23:20:44-07:00,0,8
projects\project2_report.html,153,html,f7a0a183,Eri-gon2,2025-04-29,23:20:44,-07:00,2025-04-29T23:20:44-07:00,0,0
projects\project2_report.html,154,html,f7a0a183,Eri-gon2,2025-04-29,23:20:44,-07:00,2025-04-29T23:20:44-07:00,0,5
projects\project2_report.html,155,html,84c6a152,Eri-gon2,2025-04-30,00:45:18,-07:00,2025-04-30T00:45:18-07:00,0,94
projects\project2_report.html,156,html,f7a0a183,Eri-gon2,2025-04-29,23:20:44,-07:00,2025-04-29T23:20:44-07:00,0,0
projects\project2_report.html,157,html,f7a0a183,Eri-gon2,2025-04-29,23:20:44,-07:00,2025-04-29T23:20:44-07:00,0,8
projects\project2_report.html,158,html,f7a0a183,Eri-gon2,2025-04-29,23:20:44,-07:00,2025-04-29T23:20:44-07:00,0,27
projects\project2_report.html,159,html,f7a0a183,Eri-gon2,2025-04-29,23:20:44,-07:00,2025-04-29T23:20:44-07:00,0,0
projects\project2_report.html,160,html,f7a0a183,Eri-gon2,2025-04-29,23:20:44,-07:00,2025-04-29T23:20:44-07:00,0,7
projects\project2_report.html,161,html,84c6a152,Eri-gon2,2025-04-30,00:45:18,-07:00,2025-04-30T00:45:18-07:00,0,27
projects\project2_report.html,162,html,84c6a152,Eri-gon2,2025-04-30,00:45:18,-07:00,2025-04-30T00:45:18-07:00,0,106
projects\project2_report.html,163,html,f7a0a183,Eri-gon2,2025-04-29,23:20:44,-07:00,2025-04-29T23:20:44-07:00,0,8
projects\project2_report.html,164,html,f7a0a183,Eri-gon2,2025-04-29,23:20:44,-07:00,2025-04-29T23:20:44-07:00,0,0
projects\project2_report.html,165,html,f7a0a183,Eri-gon2,2025-04-29,23:20:44,-07:00,2025-04-29T23:20:44-07:00,0,37
projects\project2_report.html,166,html,f7a0a183,Eri-gon2,2025-04-29,23:20:44,-07:00,2025-04-29T23:20:44-07:00,0,0
projects\project2_report.html,167,html,f7a0a183,Eri-gon2,2025-04-29,23:20:44,-07:00,2025-04-29T23:20:44-07:00,0,3
projects\project2_report.html,168,html,84c6a152,Eri-gon2,2025-04-30,00:45:18,-07:00,2025-04-30T00:45:18-07:00,0,71
projects\project2_report.html,169,html,84c6a152,Eri-gon2,2025-04-30,00:45:18,-07:00,2025-04-30T00:45:18-07:00,0,57
projects\project2_report.html,170,html,84c6a152,Eri-gon2,2025-04-30,00:45:18,-07:00,2025-04-30T00:45:18-07:00,0,187
projects\project2_report.html,171,html,f7a0a183,Eri-gon2,2025-04-29,23:20:44,-07:00,2025-04-29T23:20:44-07:00,0,4
projects\project2_report.html,172,html,f7a0a183,Eri-gon2,2025-04-29,23:20:44,-07:00,2025-04-29T23:20:44-07:00,0,9
projects\project2_report.html,173,html,f7a0a183,Eri-gon2,2025-04-29,23:20:44,-07:00,2025-04-29T23:20:44-07:00,0,0
projects\project2_report.html,174,html,f7a0a183,Eri-gon2,2025-04-29,23:20:44,-07:00,2025-04-29T23:20:44-07:00,0,8
projects\project2_report.html,175,html,f7a0a183,Eri-gon2,2025-04-29,23:20:44,-07:00,2025-04-29T23:20:44-07:00,0,31
projects\project2_report.html,176,html,f7a0a183,Eri-gon2,2025-04-29,23:20:44,-07:00,2025-04-29T23:20:44-07:00,0,0
projects\project2_report.html,177,html,f7a0a183,Eri-gon2,2025-04-29,23:20:44,-07:00,2025-04-29T23:20:44-07:00,0,7
projects\project2_report.html,178,html,84c6a152,Eri-gon2,2025-04-30,00:45:18,-07:00,2025-04-30T00:45:18-07:00,0,32
projects\project2_report.html,179,html,84c6a152,Eri-gon2,2025-04-30,00:45:18,-07:00,2025-04-30T00:45:18-07:00,0,127
projects\project2_report.html,180,html,f7a0a183,Eri-gon2,2025-04-29,23:20:44,-07:00,2025-04-29T23:20:44-07:00,0,8
projects\project2_report.html,181,html,f7a0a183,Eri-gon2,2025-04-29,23:20:44,-07:00,2025-04-29T23:20:44-07:00,0,0
projects\project2_report.html,182,html,f7a0a183,Eri-gon2,2025-04-29,23:20:44,-07:00,2025-04-29T23:20:44-07:00,0,37
projects\project2_report.html,183,html,f7a0a183,Eri-gon2,2025-04-29,23:20:44,-07:00,2025-04-29T23:20:44-07:00,0,0
projects\project2_report.html,184,html,f7a0a183,Eri-gon2,2025-04-29,23:20:44,-07:00,2025-04-29T23:20:44-07:00,0,3
projects\project2_report.html,185,html,84c6a152,Eri-gon2,2025-04-30,00:45:18,-07:00,2025-04-30T00:45:18-07:00,0,198
projects\project2_report.html,186,html,84c6a152,Eri-gon2,2025-04-30,00:45:18,-07:00,2025-04-30T00:45:18-07:00,0,90
projects\project2_report.html,187,html,84c6a152,Eri-gon2,2025-04-30,00:45:18,-07:00,2025-04-30T00:45:18-07:00,0,183
projects\project2_report.html,188,html,84c6a152,Eri-gon2,2025-04-30,00:45:18,-07:00,2025-04-30T00:45:18-07:00,0,234
projects\project2_report.html,189,html,84c6a152,Eri-gon2,2025-04-30,00:45:18,-07:00,2025-04-30T00:45:18-07:00,0,104
projects\project2_report.html,190,html,84c6a152,Eri-gon2,2025-04-30,00:45:18,-07:00,2025-04-30T00:45:18-07:00,0,227
projects\project2_report.html,191,html,f7a0a183,Eri-gon2,2025-04-29,23:20:44,-07:00,2025-04-29T23:20:44-07:00,0,4
projects\project2_report.html,192,html,f7a0a183,Eri-gon2,2025-04-29,23:20:44,-07:00,2025-04-29T23:20:44-07:00,0,9
projects\project2_report.html,193,html,f7a0a183,Eri-gon2,2025-04-29,23:20:44,-07:00,2025-04-29T23:20:44-07:00,0,0
projects\project2_report.html,194,html,f7a0a183,Eri-gon2,2025-04-29,23:20:44,-07:00,2025-04-29T23:20:44-07:00,0,8
projects\project2_report.html,195,html,f7a0a183,Eri-gon2,2025-04-29,23:20:44,-07:00,2025-04-29T23:20:44-07:00,0,24
projects\project2_report.html,196,html,f7a0a183,Eri-gon2,2025-04-29,23:20:44,-07:00,2025-04-29T23:20:44-07:00,0,0
projects\project2_report.html,197,html,84c6a152,Eri-gon2,2025-04-30,00:45:18,-07:00,2025-04-30T00:45:18-07:00,0,216
projects\project2_report.html,198,html,84c6a152,Eri-gon2,2025-04-30,00:45:18,-07:00,2025-04-30T00:45:18-07:00,0,201
projects\project2_report.html,199,html,84c6a152,Eri-gon2,2025-04-30,00:45:18,-07:00,2025-04-30T00:45:18-07:00,0,193
projects\project2_report.html,200,html,84c6a152,Eri-gon2,2025-04-30,00:45:18,-07:00,2025-04-30T00:45:18-07:00,0,210
projects\project2_report.html,201,html,84c6a152,Eri-gon2,2025-04-30,00:45:18,-07:00,2025-04-30T00:45:18-07:00,0,227
projects\project2_report.html,202,html,af2686fd,Eri-gon2,2025-04-30,00:49:31,-07:00,2025-04-30T00:49:31-07:00,0,256
projects\project2_report.html,203,html,84c6a152,Eri-gon2,2025-04-30,00:45:18,-07:00,2025-04-30T00:45:18-07:00,0,3
projects\project2_report.html,204,html,f7a0a183,Eri-gon2,2025-04-29,23:20:44,-07:00,2025-04-29T23:20:44-07:00,0,9
projects\project2_report.html,205,html,f7a0a183,Eri-gon2,2025-04-29,23:20:44,-07:00,2025-04-29T23:20:44-07:00,0,6
projects\project2_report.html,206,html,f7a0a183,Eri-gon2,2025-04-29,23:20:44,-07:00,2025-04-29T23:20:44-07:00,0,6
projects\project2_report.html,207,html,f7a0a183,Eri-gon2,2025-04-29,23:20:44,-07:00,2025-04-29T23:20:44-07:00,0,6
projects\index.html,1,html,7432f1e1,Eri-gon2,2025-04-05,14:46:03,-07:00,2025-04-05T14:46:03-07:00,0,14
projects\index.html,2,html,7432f1e1,Eri-gon2,2025-04-05,14:46:03,-07:00,2025-04-05T14:46:03-07:00,0,15
projects\index.html,3,html,7432f1e1,Eri-gon2,2025-04-05,14:46:03,-07:00,2025-04-05T14:46:03-07:00,0,5
projects\index.html,4,html,7432f1e1,Eri-gon2,2025-04-05,14:46:03,-07:00,2025-04-05T14:46:03-07:00,0,21
projects\index.html,5,html,86aa1fa2,Eri-gon2,2025-04-25,22:55:03,-07:00,2025-04-25T22:55:03-07:00,0,69
projects\index.html,6,html,7432f1e1,Eri-gon2,2025-04-05,14:46:03,-07:00,2025-04-05T14:46:03-07:00,0,22
projects\index.html,7,html,99abcdb5,Eri-gon2,2025-04-18,10:32:12,-07:00,2025-04-18T10:32:12-07:00,0,49
projects\index.html,8,html,764c64eb,Eri-gon2,2025-05-03,14:44:04,-07:00,2025-05-03T14:44:04-07:00,0,48
projects\index.html,9,html,0592ee66,Eri-gon2,2025-04-12,13:44:46,-07:00,2025-04-12T13:44:46-07:00,0,42
projects\index.html,10,html,7432f1e1,Eri-gon2,2025-04-05,14:46:03,-07:00,2025-04-05T14:46:03-07:00,0,6
projects\index.html,11,html,7432f1e1,Eri-gon2,2025-04-05,14:46:03,-07:00,2025-04-05T14:46:03-07:00,0,5
projects\index.html,12,html,7432f1e1,Eri-gon2,2025-04-05,14:46:03,-07:00,2025-04-05T14:46:03-07:00,0,16
projects\index.html,13,html,86aa1fa2,Eri-gon2,2025-04-25,22:55:03,-07:00,2025-04-25T22:55:03-07:00,0,39
projects\index.html,14,html,764c64eb,Eri-gon2,2025-05-03,14:44:04,-07:00,2025-05-03T14:44:04-07:00,0,24
projects\index.html,15,html,764c64eb,Eri-gon2,2025-05-03,14:44:04,-07:00,2025-05-03T14:44:04-07:00,0,49
projects\index.html,16,html,764c64eb,Eri-gon2,2025-05-03,14:44:04,-07:00,2025-05-03T14:44:04-07:00,0,5
projects\index.html,17,html,764c64eb,Eri-gon2,2025-05-03,14:44:04,-07:00,2025-05-03T14:44:04-07:00,0,23
projects\index.html,18,html,764c64eb,Eri-gon2,2025-05-03,14:44:04,-07:00,2025-05-03T14:44:04-07:00,0,5
projects\index.html,19,html,764c64eb,Eri-gon2,2025-05-03,14:44:04,-07:00,2025-05-03T14:44:04-07:00,0,5
projects\index.html,20,html,764c64eb,Eri-gon2,2025-05-03,14:44:04,-07:00,2025-05-03T14:44:04-07:00,0,16
projects\index.html,21,html,764c64eb,Eri-gon2,2025-05-03,14:44:04,-07:00,2025-05-03T14:44:04-07:00,0,12
projects\index.html,22,html,764c64eb,Eri-gon2,2025-05-03,14:44:04,-07:00,2025-05-03T14:44:04-07:00,0,27
projects\index.html,23,html,764c64eb,Eri-gon2,2025-05-03,14:44:04,-07:00,2025-05-03T14:44:04-07:00,0,32
projects\index.html,24,html,764c64eb,Eri-gon2,2025-05-03,14:44:04,-07:00,2025-05-03T14:44:04-07:00,0,1
projects\index.html,25,html,0592ee66,Eri-gon2,2025-04-12,13:44:46,-07:00,2025-04-12T13:44:46-07:00,0,21
projects\index.html,26,html,0592ee66,Eri-gon2,2025-04-12,13:44:46,-07:00,2025-04-12T13:44:46-07:00,0,5
projects\index.html,27,html,7432f1e1,Eri-gon2,2025-04-05,14:46:03,-07:00,2025-04-05T14:46:03-07:00,0,6
projects\index.html,28,html,7432f1e1,Eri-gon2,2025-04-05,14:46:03,-07:00,2025-04-05T14:46:03-07:00,0,6
CV\index.html,1,html,7432f1e1,Eri-gon2,2025-04-05,14:46:03,-07:00,2025-04-05T14:46:03-07:00,0,14
CV\index.html,2,html,7432f1e1,Eri-gon2,2025-04-05,14:46:03,-07:00,2025-04-05T14:46:03-07:00,0,15
CV\index.html,3,html,7432f1e1,Eri-gon2,2025-04-05,14:46:03,-07:00,2025-04-05T14:46:03-07:00,0,5
CV\index.html,4,html,7432f1e1,Eri-gon2,2025-04-05,14:46:03,-07:00,2025-04-05T14:46:03-07:00,0,21
CV\index.html,5,html,7432f1e1,Eri-gon2,2025-04-05,14:46:03,-07:00,2025-04-05T14:46:03-07:00,0,69
CV\index.html,6,html,7432f1e1,Eri-gon2,2025-04-05,14:46:03,-07:00,2025-04-05T14:46:03-07:00,0,20
CV\index.html,7,html,0592ee66,Eri-gon2,2025-04-12,13:44:46,-07:00,2025-04-12T13:44:46-07:00,0,42
CV\index.html,8,html,99abcdb5,Eri-gon2,2025-04-18,10:32:12,-07:00,2025-04-18T10:32:12-07:00,0,49
CV\index.html,9,html,7432f1e1,Eri-gon2,2025-04-05,14:46:03,-07:00,2025-04-05T14:46:03-07:00,0,6
CV\index.html,10,html,0592ee66,Eri-gon2,2025-04-12,13:44:46,-07:00,2025-04-12T13:44:46-07:00,0,6
CV\index.html,11,html,7432f1e1,Eri-gon2,2025-04-05,14:46:03,-07:00,2025-04-05T14:46:03-07:00,0,16
CV\index.html,12,html,7432f1e1,Eri-gon2,2025-04-05,14:46:03,-07:00,2025-04-05T14:46:03-07:00,0,14
CV\index.html,13,html,0592ee66,Eri-gon2,2025-04-12,13:44:46,-07:00,2025-04-12T13:44:46-07:00,0,15
CV\index.html,14,html,0592ee66,Eri-gon2,2025-04-12,13:44:46,-07:00,2025-04-12T13:44:46-07:00,0,17
CV\index.html,15,html,0592ee66,Eri-gon2,2025-04-12,13:44:46,-07:00,2025-04-12T13:44:46-07:00,0,8
CV\index.html,16,html,0592ee66,Eri-gon2,2025-04-12,13:44:46,-07:00,2025-04-12T13:44:46-07:00,0,23
CV\index.html,17,html,0592ee66,Eri-gon2,2025-04-12,13:44:46,-07:00,2025-04-12T13:44:46-07:00,0,8
CV\index.html,18,html,0592ee66,Eri-gon2,2025-04-12,13:44:46,-07:00,2025-04-12T13:44:46-07:00,0,128
CV\index.html,19,html,0592ee66,Eri-gon2,2025-04-12,13:44:46,-07:00,2025-04-12T13:44:46-07:00,0,35
CV\index.html,20,html,0592ee66,Eri-gon2,2025-04-12,13:44:46,-07:00,2025-04-12T13:44:46-07:00,0,81
CV\index.html,21,html,0592ee66,Eri-gon2,2025-04-12,13:44:46,-07:00,2025-04-12T13:44:46-07:00,0,9
CV\index.html,22,html,0592ee66,Eri-gon2,2025-04-12,13:44:46,-07:00,2025-04-12T13:44:46-07:00,0,9
CV\index.html,23,html,0592ee66,Eri-gon2,2025-04-12,13:44:46,-07:00,2025-04-12T13:44:46-07:00,0,8
CV\index.html,24,html,0592ee66,Eri-gon2,2025-04-12,13:44:46,-07:00,2025-04-12T13:44:46-07:00,0,28
CV\index.html,25,html,0592ee66,Eri-gon2,2025-04-12,13:44:46,-07:00,2025-04-12T13:44:46-07:00,0,8
CV\index.html,26,html,0592ee66,Eri-gon2,2025-04-12,13:44:46,-07:00,2025-04-12T13:44:46-07:00,0,111
CV\index.html,27,html,0592ee66,Eri-gon2,2025-04-12,13:44:46,-07:00,2025-04-12T13:44:46-07:00,0,38
CV\index.html,28,html,0592ee66,Eri-gon2,2025-04-12,13:44:46,-07:00,2025-04-12T13:44:46-07:00,0,93
CV\index.html,29,html,0592ee66,Eri-gon2,2025-04-12,13:44:46,-07:00,2025-04-12T13:44:46-07:00,0,9
CV\index.html,30,html,0592ee66,Eri-gon2,2025-04-12,13:44:46,-07:00,2025-04-12T13:44:46-07:00,0,9
CV\index.html,31,html,0592ee66,Eri-gon2,2025-04-12,13:44:46,-07:00,2025-04-12T13:44:46-07:00,0,8
CV\index.html,32,html,0592ee66,Eri-gon2,2025-04-12,13:44:46,-07:00,2025-04-12T13:44:46-07:00,0,17
CV\index.html,33,html,0592ee66,Eri-gon2,2025-04-12,13:44:46,-07:00,2025-04-12T13:44:46-07:00,0,8
CV\index.html,34,html,0592ee66,Eri-gon2,2025-04-12,13:44:46,-07:00,2025-04-12T13:44:46-07:00,0,115
CV\index.html,35,html,0592ee66,Eri-gon2,2025-04-12,13:44:46,-07:00,2025-04-12T13:44:46-07:00,0,26
CV\index.html,36,html,0592ee66,Eri-gon2,2025-04-12,13:44:46,-07:00,2025-04-12T13:44:46-07:00,0,9
CV\index.html,37,html,0592ee66,Eri-gon2,2025-04-12,13:44:46,-07:00,2025-04-12T13:44:46-07:00,0,9
CV\index.html,38,html,0592ee66,Eri-gon2,2025-04-12,13:44:46,-07:00,2025-04-12T13:44:46-07:00,0,5
CV\index.html,39,html,0592ee66,Eri-gon2,2025-04-12,13:44:46,-07:00,2025-04-12T13:44:46-07:00,0,17
CV\index.html,40,html,0592ee66,Eri-gon2,2025-04-12,13:44:46,-07:00,2025-04-12T13:44:46-07:00,0,8
CV\index.html,41,html,0592ee66,Eri-gon2,2025-04-12,13:44:46,-07:00,2025-04-12T13:44:46-07:00,0,14
CV\index.html,42,html,0592ee66,Eri-gon2,2025-04-12,13:44:46,-07:00,2025-04-12T13:44:46-07:00,0,3
CV\index.html,43,html,0592ee66,Eri-gon2,2025-04-12,13:44:46,-07:00,2025-04-12T13:44:46-07:00,0,25
CV\index.html,44,html,0592ee66,Eri-gon2,2025-04-12,13:44:46,-07:00,2025-04-12T13:44:46-07:00,0,40
CV\index.html,45,html,0592ee66,Eri-gon2,2025-04-12,13:44:46,-07:00,2025-04-12T13:44:46-07:00,0,28
CV\index.html,46,html,0592ee66,Eri-gon2,2025-04-12,13:44:46,-07:00,2025-04-12T13:44:46-07:00,0,4
CV\index.html,47,html,0592ee66,Eri-gon2,2025-04-12,13:44:46,-07:00,2025-04-12T13:44:46-07:00,0,9
CV\index.html,48,html,0592ee66,Eri-gon2,2025-04-12,13:44:46,-07:00,2025-04-12T13:44:46-07:00,0,8
CV\index.html,49,html,0592ee66,Eri-gon2,2025-04-12,13:44:46,-07:00,2025-04-12T13:44:46-07:00,0,29
CV\index.html,50,html,0592ee66,Eri-gon2,2025-04-12,13:44:46,-07:00,2025-04-12T13:44:46-07:00,0,3
CV\index.html,51,html,0592ee66,Eri-gon2,2025-04-12,13:44:46,-07:00,2025-04-12T13:44:46-07:00,0,31
CV\index.html,52,html,0592ee66,Eri-gon2,2025-04-12,13:44:46,-07:00,2025-04-12T13:44:46-07:00,0,51
CV\index.html,53,html,0592ee66,Eri-gon2,2025-04-12,13:44:46,-07:00,2025-04-12T13:44:46-07:00,0,38
CV\index.html,54,html,0592ee66,Eri-gon2,2025-04-12,13:44:46,-07:00,2025-04-12T13:44:46-07:00,0,51
CV\index.html,55,html,0592ee66,Eri-gon2,2025-04-12,13:44:46,-07:00,2025-04-12T13:44:46-07:00,0,4
CV\index.html,56,html,0592ee66,Eri-gon2,2025-04-12,13:44:46,-07:00,2025-04-12T13:44:46-07:00,0,9
CV\index.html,57,html,0592ee66,Eri-gon2,2025-04-12,13:44:46,-07:00,2025-04-12T13:44:46-07:00,0,8
CV\index.html,58,html,0592ee66,Eri-gon2,2025-04-12,13:44:46,-07:00,2025-04-12T13:44:46-07:00,0,32
CV\index.html,59,html,0592ee66,Eri-gon2,2025-04-12,13:44:46,-07:00,2025-04-12T13:44:46-07:00,0,3
CV\index.html,60,html,0592ee66,Eri-gon2,2025-04-12,13:44:46,-07:00,2025-04-12T13:44:46-07:00,0,37
CV\index.html,61,html,0592ee66,Eri-gon2,2025-04-12,13:44:46,-07:00,2025-04-12T13:44:46-07:00,0,38
CV\index.html,62,html,0592ee66,Eri-gon2,2025-04-12,13:44:46,-07:00,2025-04-12T13:44:46-07:00,0,4
CV\index.html,63,html,0592ee66,Eri-gon2,2025-04-12,13:44:46,-07:00,2025-04-12T13:44:46-07:00,0,9
CV\index.html,64,html,0592ee66,Eri-gon2,2025-04-12,13:44:46,-07:00,2025-04-12T13:44:46-07:00,0,5
CV\index.html,65,html,0592ee66,Eri-gon2,2025-04-12,13:44:46,-07:00,2025-04-12T13:44:46-07:00,0,5
CV\index.html,66,html,7432f1e1,Eri-gon2,2025-04-05,14:46:03,-07:00,2025-04-05T14:46:03-07:00,0,6
CV\index.html,67,html,7432f1e1,Eri-gon2,2025-04-05,14:46:03,-07:00,2025-04-05T14:46:03-07:00,0,6
contact\index.html,1,html,7432f1e1,Eri-gon2,2025-04-05,14:46:03,-07:00,2025-04-05T14:46:03-07:00,0,14
contact\index.html,2,html,7432f1e1,Eri-gon2,2025-04-05,14:46:03,-07:00,2025-04-05T14:46:03-07:00,0,15
contact\index.html,3,html,7432f1e1,Eri-gon2,2025-04-05,14:46:03,-07:00,2025-04-05T14:46:03-07:00,0,5
contact\index.html,4,html,7432f1e1,Eri-gon2,2025-04-05,14:46:03,-07:00,2025-04-05T14:46:03-07:00,0,21
contact\index.html,5,html,7432f1e1,Eri-gon2,2025-04-05,14:46:03,-07:00,2025-04-05T14:46:03-07:00,0,69
contact\index.html,6,html,7432f1e1,Eri-gon2,2025-04-05,14:46:03,-07:00,2025-04-05T14:46:03-07:00,0,22
contact\index.html,7,html,99abcdb5,Eri-gon2,2025-04-18,10:32:12,-07:00,2025-04-18T10:32:12-07:00,0,49
contact\index.html,8,html,0592ee66,Eri-gon2,2025-04-12,13:44:46,-07:00,2025-04-12T13:44:46-07:00,0,42
contact\index.html,9,html,7432f1e1,Eri-gon2,2025-04-05,14:46:03,-07:00,2025-04-05T14:46:03-07:00,0,6
contact\index.html,10,html,7432f1e1,Eri-gon2,2025-04-05,14:46:03,-07:00,2025-04-05T14:46:03-07:00,0,5
contact\index.html,11,html,7432f1e1,Eri-gon2,2025-04-05,14:46:03,-07:00,2025-04-05T14:46:03-07:00,0,16
contact\index.html,12,html,7432f1e1,Eri-gon2,2025-04-05,14:46:03,-07:00,2025-04-05T14:46:03-07:00,0,16
contact\index.html,13,html,7432f1e1,Eri-gon2,2025-04-05,14:46:03,-07:00,2025-04-05T14:46:03-07:00,0,77
contact\index.html,14,html,0592ee66,Eri-gon2,2025-04-12,13:44:46,-07:00,2025-04-12T13:44:46-07:00,0,11
contact\index.html,15,html,7432f1e1,Eri-gon2,2025-04-05,14:46:03,-07:00,2025-04-05T14:46:03-07:00,0,32
contact\index.html,16,html,0592ee66,Eri-gon2,2025-04-12,13:44:46,-07:00,2025-04-12T13:44:46-07:00,0,7
contact\index.html,17,html,0592ee66,Eri-gon2,2025-04-12,13:44:46,-07:00,2025-04-12T13:44:46-07:00,0,13
contact\index.html,18,html,7432f1e1,Eri-gon2,2025-04-05,14:46:03,-07:00,2025-04-05T14:46:03-07:00,0,33
contact\index.html,19,html,0592ee66,Eri-gon2,2025-04-12,13:44:46,-07:00,2025-04-12T13:44:46-07:00,0,7
contact\index.html,20,html,0592ee66,Eri-gon2,2025-04-12,13:44:46,-07:00,2025-04-12T13:44:46-07:00,0,10
contact\index.html,21,html,7432f1e1,Eri-gon2,2025-04-05,14:46:03,-07:00,2025-04-05T14:46:03-07:00,0,32
contact\index.html,22,html,0592ee66,Eri-gon2,2025-04-12,13:44:46,-07:00,2025-04-12T13:44:46-07:00,0,7
contact\index.html,23,html,7432f1e1,Eri-gon2,2025-04-05,14:46:03,-07:00,2025-04-05T14:46:03-07:00,0,22
contact\index.html,24,html,7432f1e1,Eri-gon2,2025-04-05,14:46:03,-07:00,2025-04-05T14:46:03-07:00,0,6
contact\index.html,25,html,7432f1e1,Eri-gon2,2025-04-05,14:46:03,-07:00,2025-04-05T14:46:03-07:00,0,6
contact\index.html,26,html,7432f1e1,Eri-gon2,2025-04-05,14:46:03,-07:00,2025-04-05T14:46:03-07:00,0,6
